"query","significant","p_value","term_size","query_size","intersection_size","precision","recall","term_id","source","term_name","effective_domain_size","source_order","parents"
"query_1",TRUE,4.24687465344834e-19,1244,53,27,0.509433962264151,0.0217041800643087,"GO:0098542","GO:BP","defense response to other organism",25907,18545,"GO:0006952;GO:0051707"
"query_1",TRUE,4.24687465344834e-19,1742,53,30,0.566037735849057,0.0172215843857635,"GO:0051707","GO:BP","response to other organism",25907,13714,"GO:0043207;GO:0044419"
"query_1",TRUE,4.24687465344834e-19,1746,53,30,0.566037735849057,0.0171821305841924,"GO:0043207","GO:BP","response to external biotic stimulus",25907,10480,"GO:0009605;GO:0009607"
"query_1",TRUE,5.40544444405617e-19,1800,53,30,0.566037735849057,0.0166666666666667,"GO:0006952","GO:BP","defense response",25907,2572,"GO:0006950"
"query_1",TRUE,5.40544444405617e-19,1787,53,30,0.566037735849057,0.0167879127028539,"GO:0009607","GO:BP","response to biotic stimulus",25907,3521,"GO:0050896"
"query_1",TRUE,5.40544444405617e-19,2848,53,35,0.660377358490566,0.0122893258426966,"GO:0002376","GO:BP","immune system process",25907,904,"GO:0008150"
"query_1",TRUE,1.29334962693044e-18,1870,53,30,0.566037735849057,0.0160427807486631,"GO:0044419","GO:BP","biological process involved in interspecies interaction between organisms",25907,10892,"GO:0008150"
"query_1",TRUE,4.50733198817556e-18,2589,53,33,0.622641509433962,0.0127462340672074,"GO:0009605","GO:BP","response to external stimulus",25907,3519,"GO:0050896"
"query_1",TRUE,5.04154381547723e-18,1979,53,30,0.566037735849057,0.0151591712986357,"GO:0006955","GO:BP","immune response",25907,2575,"GO:0002376;GO:0050896"
"query_1",TRUE,3.41460632093052e-15,1038,53,22,0.415094339622642,0.0211946050096339,"GO:0140546","GO:BP","defense response to symbiont",25907,19565,"GO:0098542"
"query_1",TRUE,9.9731061844284e-15,1586,53,25,0.471698113207547,0.0157629255989912,"GO:0002682","GO:BP","regulation of immune system process",25907,1198,"GO:0002376;GO:0050789"
"query_1",TRUE,1.07179298583175e-14,963,53,21,0.39622641509434,0.0218068535825545,"GO:0045087","GO:BP","innate immune response",25907,11116,"GO:0006955;GO:0140546"
"query_1",TRUE,7.61171992894927e-14,924,53,20,0.377358490566038,0.0216450216450216,"GO:0050776","GO:BP","regulation of immune response",25907,13079,"GO:0002682;GO:0006955;GO:0048583"
"query_1",TRUE,6.86983601685929e-12,3917,53,32,0.60377358490566,0.00816951748787337,"GO:0006950","GO:BP","response to stress",25907,2571,"GO:0050896"
"query_1",TRUE,3.13477109770385e-11,10427,53,47,0.886792452830189,0.00450752853169656,"GO:0050896","GO:BP","response to stimulus",25907,13167,"GO:0008150"
"query_1",TRUE,1.19080560665764e-10,751,53,16,0.30188679245283,0.0213049267643142,"GO:0050778","GO:BP","positive regulation of immune response",25907,13081,"GO:0002684;GO:0006955;GO:0048584;GO:0050776"
"query_1",TRUE,3.06530906820601e-10,1109,53,18,0.339622641509434,0.0162308385933273,"GO:0002684","GO:BP","positive regulation of immune system process",25907,1200,"GO:0002376;GO:0002682;GO:0048518"
"query_1",TRUE,1.21872204880446e-09,381,53,12,0.226415094339623,0.031496062992126,"GO:0009615","GO:BP","response to virus",25907,3527,"GO:0051707"
"query_1",TRUE,3.40151785660545e-09,798,53,15,0.283018867924528,0.018796992481203,"GO:0002252","GO:BP","immune effector process",25907,782,"GO:0002376"
"query_1",TRUE,3.9760203274584e-08,301,53,10,0.188679245283019,0.0332225913621262,"GO:0051607","GO:BP","defense response to virus",25907,13633,"GO:0009615;GO:0098542"
"query_1",TRUE,6.22008729694051e-08,423,53,11,0.207547169811321,0.0260047281323877,"GO:0045088","GO:BP","regulation of innate immune response",25907,11117,"GO:0002831;GO:0031347;GO:0032101;GO:0045087;GO:0050776"
"query_1",TRUE,7.40441461342315e-08,432,53,11,0.207547169811321,0.025462962962963,"GO:0002697","GO:BP","regulation of immune effector process",25907,1213,"GO:0002252;GO:0002682"
"query_1",TRUE,1.47252010988283e-07,1063,53,15,0.283018867924528,0.0141110065851364,"GO:0071345","GO:BP","cellular response to cytokine stimulus",25907,16367,"GO:0034097"
"query_1",TRUE,2.38034136187003e-07,768,53,13,0.245283018867925,0.0169270833333333,"GO:0031347","GO:BP","regulation of defense response",25907,7099,"GO:0006952;GO:0080134"
"query_1",TRUE,3.74395537143215e-07,511,53,11,0.207547169811321,0.0215264187866928,"GO:0002831","GO:BP","regulation of response to biotic stimulus",25907,1339,"GO:0009607;GO:0048583"
"query_1",TRUE,4.46855546782208e-07,3939,53,26,0.490566037735849,0.0066006600660066,"GO:0048583","GO:BP","regulation of response to stimulus",25907,12687,"GO:0050789;GO:0050896"
"query_1",TRUE,4.47725564680712e-07,1168,53,15,0.283018867924528,0.0128424657534247,"GO:0034097","GO:BP","response to cytokine",25907,8345,"GO:1901652"
"query_1",TRUE,5.05987955379957e-07,1185,53,15,0.283018867924528,0.0126582278481013,"GO:1901652","GO:BP","response to peptide",25907,21338,"GO:0042221"
"query_1",TRUE,5.05987955379957e-07,532,53,11,0.207547169811321,0.0206766917293233,"GO:0002443","GO:BP","leukocyte mediated immunity",25907,964,"GO:0002252"
"query_1",TRUE,5.16999399557203e-07,207,53,8,0.150943396226415,0.0386473429951691,"GO:0001906","GO:BP","cell killing",25907,522,"GO:0009987"
"query_1",TRUE,6.15089362020953e-07,77,53,6,0.113207547169811,0.0779220779220779,"GO:0048002","GO:BP","antigen processing and presentation of peptide antigen",25907,12293,"GO:0019882"
"query_1",TRUE,6.50170366936081e-07,2336,53,20,0.377358490566038,0.00856164383561644,"GO:0048584","GO:BP","positive regulation of response to stimulus",25907,12688,"GO:0048518;GO:0048583;GO:0050896"
"query_1",TRUE,6.50254538305192e-07,1032,53,14,0.264150943396226,0.0135658914728682,"GO:0032101","GO:BP","regulation of response to external stimulus",25907,7318,"GO:0009605;GO:0048583"
"query_1",TRUE,7.27922602568517e-07,431,53,10,0.188679245283019,0.0232018561484919,"GO:0002449","GO:BP","lymphocyte mediated immunity",25907,970,"GO:0002443"
"query_1",TRUE,9.81650799268703e-07,41,53,5,0.0943396226415094,0.121951219512195,"GO:0019885","GO:BP","antigen processing and presentation of endogenous peptide antigen via MHC class I",25907,6031,"GO:0002474;GO:0002483"
"query_1",TRUE,1.0816810453942e-06,42,53,5,0.0943396226415094,0.119047619047619,"GO:0002483","GO:BP","antigen processing and presentation of endogenous peptide antigen",25907,1004,"GO:0019883;GO:0048002"
"query_1",TRUE,1.0920560829394e-06,454,53,10,0.188679245283019,0.0220264317180617,"GO:0002460","GO:BP","adaptive immune response based on somatic recombination of immune receptors built from immunoglobulin superfamily domains",25907,981,"GO:0002250"
"query_1",TRUE,1.15779608211238e-06,43,53,5,0.0943396226415094,0.116279069767442,"GO:0019883","GO:BP","antigen processing and presentation of endogenous antigen",25907,6029,"GO:0019882"
"query_1",TRUE,1.40367857725937e-06,607,53,11,0.207547169811321,0.0181219110378913,"GO:0002250","GO:BP","adaptive immune response",25907,780,"GO:0006955"
"query_1",TRUE,2.3365361241143e-06,50,53,5,0.0943396226415094,0.1,"GO:0035458","GO:BP","cellular response to interferon-beta",25907,8980,"GO:0035456;GO:0071345"
"query_1",TRUE,2.3365361241143e-06,497,53,10,0.188679245283019,0.0201207243460765,"GO:0002683","GO:BP","negative regulation of immune system process",25907,1199,"GO:0002376;GO:0002682;GO:0048519"
"query_1",TRUE,3.07501347544543e-06,53,53,5,0.0943396226415094,0.0943396226415094,"GO:0002474","GO:BP","antigen processing and presentation of peptide antigen via MHC class I",25907,995,"GO:0048002"
"query_1",TRUE,4.2050778185041e-06,533,53,10,0.188679245283019,0.0187617260787993,"GO:0002253","GO:BP","activation of immune response",25907,783,"GO:0002376;GO:0050778"
"query_1",TRUE,4.65073372902434e-06,58,53,5,0.0943396226415094,0.0862068965517241,"GO:0035456","GO:BP","response to interferon-beta",25907,8978,"GO:0034097"
"query_1",TRUE,5.87675990583649e-06,61,53,5,0.0943396226415094,0.0819672131147541,"GO:0060760","GO:BP","positive regulation of response to cytokine stimulus",25907,14713,"GO:0034097;GO:0048584;GO:0060759"
"query_1",TRUE,6.27454456921955e-06,121,53,6,0.113207547169811,0.0495867768595041,"GO:0019882","GO:BP","antigen processing and presentation",25907,6028,"GO:0002376"
"query_1",TRUE,6.9869686591488e-06,6447,53,31,0.584905660377358,0.00480843803319373,"GO:0048518","GO:BP","positive regulation of biological process",25907,12634,"GO:0008150;GO:0050789"
"query_1",TRUE,7.64595297725059e-06,126,53,6,0.113207547169811,0.0476190476190476,"GO:0034341","GO:BP","response to type II interferon",25907,8516,"GO:0034097;GO:0045087"
"query_1",TRUE,8.54493984764418e-06,918,53,12,0.226415094339623,0.0130718954248366,"GO:0009617","GO:BP","response to bacterium",25907,3529,"GO:0051707"
"query_1",TRUE,1.29072161247891e-05,612,53,10,0.188679245283019,0.0163398692810458,"GO:0032103","GO:BP","positive regulation of response to external stimulus",25907,7320,"GO:0009605;GO:0032101;GO:0048584"
"query_1",TRUE,1.56260403444775e-05,234,53,7,0.132075471698113,0.0299145299145299,"GO:0002819","GO:BP","regulation of adaptive immune response",25907,1327,"GO:0002250;GO:0050776"
"query_1",TRUE,1.5655168202695e-05,478,53,9,0.169811320754717,0.0188284518828452,"GO:0031349","GO:BP","positive regulation of defense response",25907,7101,"GO:0006952;GO:0031347;GO:0048584"
"query_1",TRUE,1.85721186667777e-05,810,53,11,0.207547169811321,0.0135802469135802,"GO:0006954","GO:BP","inflammatory response",25907,2574,"GO:0006952"
"query_1",TRUE,1.88744394854973e-05,357,53,8,0.150943396226415,0.0224089635854342,"GO:0045089","GO:BP","positive regulation of innate immune response",25907,11118,"GO:0002833;GO:0031349;GO:0032103;GO:0045087;GO:0045088;GO:0050778"
"query_1",TRUE,2.5301661290974e-05,158,53,6,0.113207547169811,0.0379746835443038,"GO:0002821","GO:BP","positive regulation of adaptive immune response",25907,1329,"GO:0002250;GO:0002819;GO:0050778"
"query_1",TRUE,2.56774295181402e-05,36,53,4,0.0754716981132075,0.111111111111111,"GO:0002486","GO:BP","antigen processing and presentation of endogenous peptide antigen via MHC class I via ER pathway, TAP-independent",25907,1007,"GO:0002484"
"query_1",TRUE,2.77550678538273e-05,37,53,4,0.0754716981132075,0.108108108108108,"GO:0002476","GO:BP","antigen processing and presentation of endogenous peptide antigen via MHC class Ib",25907,997,"GO:0002428;GO:0002483"
"query_1",TRUE,2.77550678538273e-05,37,53,4,0.0754716981132075,0.108108108108108,"GO:0002484","GO:BP","antigen processing and presentation of endogenous peptide antigen via MHC class I via ER pathway",25907,1005,"GO:0019885"
"query_1",TRUE,2.99410252245671e-05,385,53,8,0.150943396226415,0.0207792207792208,"GO:0002833","GO:BP","positive regulation of response to biotic stimulus",25907,1341,"GO:0002831;GO:0009607;GO:0048584"
"query_1",TRUE,2.99410252245671e-05,38,53,4,0.0754716981132075,0.105263157894737,"GO:0002428","GO:BP","antigen processing and presentation of peptide antigen via MHC class Ib",25907,949,"GO:0002475;GO:0048002"
"query_1",TRUE,3.48927276063858e-05,271,53,7,0.132075471698113,0.025830258302583,"GO:0002703","GO:BP","regulation of leukocyte mediated immunity",25907,1219,"GO:0002443;GO:0002697"
"query_1",TRUE,3.57656602179905e-05,40,53,4,0.0754716981132075,0.1,"GO:0002475","GO:BP","antigen processing and presentation via MHC class Ib",25907,996,"GO:0019882"
"query_1",TRUE,5.09251010660649e-05,1329,53,13,0.245283018867925,0.00978179082016554,"GO:0080134","GO:BP","regulation of response to stress",25907,17581,"GO:0006950;GO:0048583"
"query_1",TRUE,5.09251010660649e-05,101,53,5,0.0943396226415094,0.0495049504950495,"GO:0071346","GO:BP","cellular response to type II interferon",25907,16368,"GO:0034341;GO:0071345"
"query_1",TRUE,5.09251010660649e-05,289,53,7,0.132075471698113,0.0242214532871972,"GO:0002699","GO:BP","positive regulation of immune effector process",25907,1215,"GO:0002252;GO:0002684;GO:0002697"
"query_1",TRUE,7.30656167912455e-05,109,53,5,0.0943396226415094,0.0458715596330275,"GO:0001910","GO:BP","regulation of leukocyte mediated cytotoxicity",25907,525,"GO:0001909;GO:0002703;GO:0031341"
"query_1",TRUE,8.90071776904157e-05,51,53,4,0.0754716981132075,0.0784313725490196,"GO:0001916","GO:BP","positive regulation of T cell mediated cytotoxicity",25907,531,"GO:0001912;GO:0001913;GO:0001914;GO:0002711"
"query_1",TRUE,0.000100718772150331,2731,53,18,0.339622641509434,0.00659099231050897,"GO:0007166","GO:BP","cell surface receptor signaling pathway",25907,2717,"GO:0007165"
"query_1",TRUE,0.000102185901871553,209,53,6,0.113207547169811,0.0287081339712919,"GO:0002706","GO:BP","regulation of lymphocyte mediated immunity",25907,1222,"GO:0002449;GO:0002703"
"query_1",TRUE,0.000105796609127261,5397,53,26,0.490566037735849,0.00481749119881416,"GO:0042221","GO:BP","response to chemical",25907,9956,"GO:0050896"
"query_1",TRUE,0.000113939094960349,55,53,4,0.0754716981132075,0.0727272727272727,"GO:0001961","GO:BP","positive regulation of cytokine-mediated signaling pathway",25907,568,"GO:0001959;GO:0009967;GO:0019221;GO:0060760"
"query_1",TRUE,0.000114451854888369,473,53,8,0.150943396226415,0.0169133192389006,"GO:0019221","GO:BP","cytokine-mediated signaling pathway",25907,5568,"GO:0007166;GO:0071345"
"query_1",TRUE,0.00011641670221529,1012,53,11,0.207547169811321,0.0108695652173913,"GO:0045321","GO:BP","leukocyte activation",25907,11194,"GO:0001775;GO:0002376"
"query_1",TRUE,0.00012763024977169,125,53,5,0.0943396226415094,0.04,"GO:0031341","GO:BP","regulation of cell killing",25907,7093,"GO:0001906;GO:0050794"
"query_1",TRUE,0.000133572734052692,58,53,4,0.0754716981132075,0.0689655172413793,"GO:0001914","GO:BP","regulation of T cell mediated cytotoxicity",25907,529,"GO:0001910;GO:0001913;GO:0002709"
"query_1",TRUE,0.00025595369254944,145,53,5,0.0943396226415094,0.0344827586206897,"GO:0060759","GO:BP","regulation of response to cytokine stimulus",25907,14712,"GO:0034097;GO:0048583"
"query_1",TRUE,0.000262358433181327,3,53,2,0.0377358490566038,0.666666666666667,"GO:1905956","GO:BP","positive regulation of endothelial tube morphogenesis",25907,24611,"GO:0051240;GO:0061154;GO:1901509;GO:1905332"
"query_1",TRUE,0.00027257369110736,70,53,4,0.0754716981132075,0.0571428571428571,"GO:0001913","GO:BP","T cell mediated cytotoxicity",25907,528,"GO:0001909;GO:0002456"
"query_1",TRUE,0.000280918322286158,149,53,5,0.0943396226415094,0.0335570469798658,"GO:0001909","GO:BP","leukocyte mediated cytotoxicity",25907,524,"GO:0001906;GO:0002443"
"query_1",TRUE,0.000295886100128488,151,53,5,0.0943396226415094,0.033112582781457,"GO:0002824","GO:BP","positive regulation of adaptive immune response based on somatic recombination of immune receptors built from immunoglobulin superfamily domains",25907,1332,"GO:0002460;GO:0002821;GO:0002822"
"query_1",TRUE,0.000301707302313788,152,53,5,0.0943396226415094,0.0328947368421053,"GO:0002708","GO:BP","positive regulation of lymphocyte mediated immunity",25907,1224,"GO:0002449;GO:0002705;GO:0002706"
"query_1",TRUE,0.000325796144438255,1143,53,11,0.207547169811321,0.00962379702537183,"GO:0001775","GO:BP","cell activation",25907,438,"GO:0009987;GO:0032501"
"query_1",TRUE,0.000393712888401984,78,53,4,0.0754716981132075,0.0512820512820513,"GO:0045824","GO:BP","negative regulation of innate immune response",25907,11482,"GO:0002832;GO:0031348;GO:0032102;GO:0045087;GO:0045088;GO:0050777"
"query_1",TRUE,0.000451696272920654,81,53,4,0.0754716981132075,0.0493827160493827,"GO:0002711","GO:BP","positive regulation of T cell mediated immunity",25907,1227,"GO:0002456;GO:0002708;GO:0002709;GO:0002824"
"query_1",TRUE,0.00051534511847146,84,53,4,0.0754716981132075,0.0476190476190476,"GO:0001912","GO:BP","positive regulation of leukocyte mediated cytotoxicity",25907,527,"GO:0001909;GO:0001910;GO:0002705;GO:0031343"
"query_1",TRUE,0.000536674221156091,291,53,6,0.113207547169811,0.0206185567010309,"GO:0002218","GO:BP","activation of innate immune response",25907,751,"GO:0002253;GO:0045089"
"query_1",TRUE,0.000538299340436795,174,53,5,0.0943396226415094,0.028735632183908,"GO:0002705","GO:BP","positive regulation of leukocyte mediated immunity",25907,1221,"GO:0002443;GO:0002699;GO:0002703"
"query_1",TRUE,0.000682249041659615,91,53,4,0.0754716981132075,0.043956043956044,"GO:0031343","GO:BP","positive regulation of cell killing",25907,7095,"GO:0001906;GO:0031341;GO:0048522"
"query_1",TRUE,0.000745935091551007,13503,53,42,0.792452830188679,0.0031104199066874,"GO:0065007","GO:BP","biological regulation",25907,15666,"GO:0008150"
"query_1",TRUE,0.000813956740463301,6095,53,26,0.490566037735849,0.00426579163248564,"GO:0048522","GO:BP","positive regulation of cellular process",25907,12638,"GO:0009987;GO:0048518;GO:0050794"
"query_1",TRUE,0.000980745453171987,482,53,7,0.132075471698113,0.0145228215767635,"GO:0002764","GO:BP","immune response-regulating signaling pathway",25907,1273,"GO:0007165;GO:0050776"
"query_1",TRUE,0.0010198625477576,13108,53,41,0.773584905660377,0.00312786084833689,"GO:0050789","GO:BP","regulation of biological process",25907,13086,"GO:0008150;GO:0065007"
"query_1",TRUE,0.00121676538749824,107,53,4,0.0754716981132075,0.0373831775700935,"GO:0002832","GO:BP","negative regulation of response to biotic stimulus",25907,1340,"GO:0002831;GO:0009607;GO:0048585"
"query_1",TRUE,0.00124823635744251,108,53,4,0.0754716981132075,0.037037037037037,"GO:0002709","GO:BP","regulation of T cell mediated immunity",25907,1225,"GO:0002456;GO:0002706;GO:0002822"
"query_1",TRUE,0.00131156440346352,348,53,6,0.113207547169811,0.0172413793103448,"GO:0042742","GO:BP","defense response to bacterium",25907,10242,"GO:0009617;GO:0098542"
"query_1",TRUE,0.00145021138321027,7,53,2,0.0377358490566038,0.285714285714286,"GO:1901509","GO:BP","regulation of endothelial tube morphogenesis",25907,21250,"GO:0061154;GO:1905330"
"query_1",TRUE,0.00145021138321027,3080,53,17,0.320754716981132,0.00551948051948052,"GO:0051239","GO:BP","regulation of multicellular organismal process",25907,13407,"GO:0032501;GO:0050789"
"query_1",TRUE,0.0014560859963189,220,53,5,0.0943396226415094,0.0227272727272727,"GO:0002822","GO:BP","regulation of adaptive immune response based on somatic recombination of immune receptors built from immunoglobulin superfamily domains",25907,1330,"GO:0002460;GO:0002819"
"query_1",TRUE,0.00163577063176572,226,53,5,0.0943396226415094,0.0221238938053097,"GO:0050670","GO:BP","regulation of lymphocyte proliferation",25907,13033,"GO:0032944;GO:0046651;GO:0051249"
"query_1",TRUE,0.00170995804455099,119,53,4,0.0754716981132075,0.0336134453781513,"GO:0071621","GO:BP","granulocyte chemotaxis",25907,16570,"GO:0030595;GO:0097530"
"query_1",TRUE,0.00175222532172944,371,53,6,0.113207547169811,0.0161725067385445,"GO:0050900","GO:BP","leukocyte migration",25907,13170,"GO:0002376;GO:0016477"
"query_1",TRUE,0.00175934343050522,231,53,5,0.0943396226415094,0.0216450216450216,"GO:0032944","GO:BP","regulation of mononuclear cell proliferation",25907,7872,"GO:0032943;GO:0070663"
"query_1",TRUE,0.00196454829841009,237,53,5,0.0943396226415094,0.0210970464135021,"GO:0031348","GO:BP","negative regulation of defense response",25907,7100,"GO:0006952;GO:0031347;GO:0048585"
"query_1",TRUE,0.00232289747145175,761,53,8,0.150943396226415,0.0105124835742444,"GO:0001817","GO:BP","regulation of cytokine production",25907,472,"GO:0001816;GO:0010468;GO:0051239"
"query_1",TRUE,0.00238172018069639,248,53,5,0.0943396226415094,0.0201612903225806,"GO:0070663","GO:BP","regulation of leukocyte proliferation",25907,16016,"GO:0042127;GO:0070661"
"query_1",TRUE,0.0024049297879479,767,53,8,0.150943396226415,0.0104302477183833,"GO:0001816","GO:BP","cytokine production",25907,471,"GO:0010467;GO:0032501"
"query_1",TRUE,0.00258243964136377,579,53,7,0.132075471698113,0.0120898100172712,"GO:0030335","GO:BP","positive regulation of cell migration",25907,6744,"GO:0016477;GO:0030334;GO:2000147"
"query_1",TRUE,0.00258243964136377,135,53,4,0.0754716981132075,0.0296296296296296,"GO:0001959","GO:BP","regulation of cytokine-mediated signaling pathway",25907,566,"GO:0009966;GO:0019221;GO:0060759"
"query_1",TRUE,0.00265948299072371,256,53,5,0.0943396226415094,0.01953125,"GO:0002274","GO:BP","myeloid leukocyte activation",25907,804,"GO:0045321"
"query_1",TRUE,0.00267563450996624,137,53,4,0.0754716981132075,0.0291970802919708,"GO:0002456","GO:BP","T cell mediated immunity",25907,977,"GO:0002449;GO:0002460"
"query_1",TRUE,0.00270766364326794,258,53,5,0.0943396226415094,0.0193798449612403,"GO:0019724","GO:BP","B cell mediated immunity",25907,5987,"GO:0002449;GO:0002460"
"query_1",TRUE,0.00315943145798493,605,53,7,0.132075471698113,0.0115702479338843,"GO:2000147","GO:BP","positive regulation of cell motility",25907,25056,"GO:0040017;GO:0048522;GO:0048870;GO:2000145"
"query_1",TRUE,0.00315943145798493,144,53,4,0.0754716981132075,0.0277777777777778,"GO:0097530","GO:BP","granulocyte migration",25907,18447,"GO:0097529"
"query_1",TRUE,0.00315943145798493,11,53,2,0.0377358490566038,0.181818181818182,"GO:0035457","GO:BP","cellular response to interferon-alpha",25907,8979,"GO:0035455;GO:0071345"
"query_1",TRUE,0.00315943145798493,11,53,2,0.0377358490566038,0.181818181818182,"GO:0060330","GO:BP","regulation of response to type II interferon",25907,14333,"GO:0034341;GO:0045088;GO:0060759"
"query_1",TRUE,0.00315943145798493,11,53,2,0.0377358490566038,0.181818181818182,"GO:0060334","GO:BP","regulation of type II interferon-mediated signaling pathway",25907,14337,"GO:0001959;GO:0060330;GO:0060333"
"query_1",TRUE,0.00340150116146555,59,53,3,0.0566037735849057,0.0508474576271186,"GO:0006956","GO:BP","complement activation",25907,2576,"GO:0002252;GO:0002253;GO:0006959"
"query_1",TRUE,0.00369420460098712,623,53,7,0.132075471698113,0.0112359550561798,"GO:0040017","GO:BP","positive regulation of locomotion",25907,9814,"GO:0040011;GO:0040012;GO:0048518"
"query_1",TRUE,0.00404764131346625,8484,53,30,0.566037735849057,0.00353606789250354,"GO:0051716","GO:BP","cellular response to stimulus",25907,13719,"GO:0009987;GO:0050896"
"query_1",TRUE,0.00521216676470064,469,53,6,0.113207547169811,0.0127931769722814,"GO:0001819","GO:BP","positive regulation of cytokine production",25907,474,"GO:0001816;GO:0001817;GO:0010628;GO:0051240"
"query_1",TRUE,0.00587334655984427,173,53,4,0.0754716981132075,0.023121387283237,"GO:0050777","GO:BP","negative regulation of immune response",25907,13080,"GO:0002683;GO:0006955;GO:0048585;GO:0050776"
"query_1",TRUE,0.00587334655984427,72,53,3,0.0566037735849057,0.0416666666666667,"GO:0140888","GO:BP","interferon-mediated signaling pathway",25907,19667,"GO:0019221"
"query_1",TRUE,0.00647635326792581,178,53,4,0.0754716981132075,0.0224719101123595,"GO:0045766","GO:BP","positive regulation of angiogenesis",25907,11440,"GO:0001525;GO:0045765;GO:1904018"
"query_1",TRUE,0.00678647347593725,181,53,4,0.0754716981132075,0.0220994475138122,"GO:1904018","GO:BP","positive regulation of vasculature development",25907,23106,"GO:0001944;GO:0051094;GO:0051240;GO:1901342"
"query_1",TRUE,0.00678647347593725,323,53,5,0.0943396226415094,0.0154798761609907,"GO:0046651","GO:BP","lymphocyte proliferation",25907,12122,"GO:0032943;GO:0046649"
"query_1",TRUE,0.00713601346296127,17,53,2,0.0377358490566038,0.117647058823529,"GO:0016045","GO:BP","detection of bacterium",25907,5054,"GO:0009617;GO:0098543"
"query_1",TRUE,0.00731418230022365,330,53,5,0.0943396226415094,0.0151515151515152,"GO:0032943","GO:BP","mononuclear cell proliferation",25907,7871,"GO:0070661"
"query_1",TRUE,0.00742379613285959,1435,53,10,0.188679245283019,0.00696864111498258,"GO:0007155","GO:BP","cell adhesion",25907,2706,"GO:0009987"
"query_1",TRUE,0.00743296162496362,187,53,4,0.0754716981132075,0.0213903743315508,"GO:0002695","GO:BP","negative regulation of leukocyte activation",25907,1211,"GO:0002683;GO:0002694;GO:0045321;GO:0050866"
"query_1",TRUE,0.00777080762895769,18,53,2,0.0377358490566038,0.111111111111111,"GO:0098543","GO:BP","detection of other organism",25907,18546,"GO:0051707;GO:0098581"
"query_1",TRUE,0.00826306880505442,1736,53,11,0.207547169811321,0.00633640552995392,"GO:0042127","GO:BP","regulation of cell population proliferation",25907,9890,"GO:0008283;GO:0050794"
"query_1",TRUE,0.00847799992665686,19,53,2,0.0377358490566038,0.105263157894737,"GO:0003159","GO:BP","morphogenesis of an endothelium",25907,1587,"GO:0002009;GO:0003158"
"query_1",TRUE,0.00847799992665686,19,53,2,0.0377358490566038,0.105263157894737,"GO:0061154","GO:BP","endothelial tube morphogenesis",25907,15043,"GO:0003159;GO:0060562"
"query_1",TRUE,0.00869141221086996,85,53,3,0.0566037735849057,0.0352941176470588,"GO:0030593","GO:BP","neutrophil chemotaxis",25907,6823,"GO:0071621;GO:1990266"
"query_1",TRUE,0.00920014281814121,20,53,2,0.0377358490566038,0.1,"GO:0060340","GO:BP","positive regulation of type I interferon-mediated signaling pathway",25907,14343,"GO:0001961;GO:0045089;GO:0060337;GO:0060338"
"query_1",TRUE,0.00920014281814121,20,53,2,0.0377358490566038,0.1,"GO:0060333","GO:BP","type II interferon-mediated signaling pathway",25907,14336,"GO:0071346;GO:0140888"
"query_1",TRUE,0.00942598798251793,978,53,8,0.150943396226415,0.0081799591002045,"GO:0030334","GO:BP","regulation of cell migration",25907,6743,"GO:0016477;GO:2000145"
"query_1",TRUE,0.0094353684584673,1775,53,11,0.207547169811321,0.00619718309859155,"GO:0051240","GO:BP","positive regulation of multicellular organismal process",25907,13408,"GO:0032501;GO:0048518;GO:0051239"
"query_1",TRUE,0.00959108399968096,90,53,3,0.0566037735849057,0.0333333333333333,"GO:0032642","GO:BP","regulation of chemokine production",25907,7634,"GO:0001817;GO:0032602"
"query_1",TRUE,0.00959108399968096,206,53,4,0.0754716981132075,0.0194174757281553,"GO:0050866","GO:BP","negative regulation of cell activation",25907,13142,"GO:0001775;GO:0048523;GO:0050865;GO:0051241"
"query_1",TRUE,0.00959108399968096,358,53,5,0.0943396226415094,0.0139664804469274,"GO:0032102","GO:BP","negative regulation of response to external stimulus",25907,7319,"GO:0009605;GO:0032101;GO:0048585"
"query_1",TRUE,0.00959108399968096,90,53,3,0.0566037735849057,0.0333333333333333,"GO:0032602","GO:BP","chemokine production",25907,7595,"GO:0001816"
"query_1",TRUE,0.00959108399968096,21,53,2,0.0377358490566038,0.0952380952380952,"GO:0030449","GO:BP","regulation of complement activation",25907,6770,"GO:0002697;GO:0002920;GO:0006956"
"query_1",TRUE,0.00959108399968096,359,53,5,0.0943396226415094,0.0139275766016713,"GO:0070661","GO:BP","leukocyte proliferation",25907,16014,"GO:0008283"
"query_1",TRUE,0.0104637164612145,22,53,2,0.0377358490566038,0.0909090909090909,"GO:0048245","GO:BP","eosinophil chemotaxis",25907,12436,"GO:0071621;GO:0072677"
"query_1",TRUE,0.010468025081917,6843,53,25,0.471698113207547,0.00365336840567003,"GO:0007165","GO:BP","signal transduction",25907,2716,"GO:0007154;GO:0009987;GO:0023052;GO:0050794;GO:0051716"
"query_1",TRUE,0.0109592532893956,562,53,6,0.113207547169811,0.0106761565836299,"GO:0002694","GO:BP","regulation of leukocyte activation",25907,1210,"GO:0002682;GO:0045321;GO:0050865"
"query_1",TRUE,0.0112132618098901,23,53,2,0.0377358490566038,0.0869565217391304,"GO:0035455","GO:BP","response to interferon-alpha",25907,8977,"GO:0034097"
"query_1",TRUE,0.0113966437141172,218,53,4,0.0754716981132075,0.018348623853211,"GO:0030595","GO:BP","leukocyte chemotaxis",25907,6824,"GO:0050900;GO:0060326"
"query_1",TRUE,0.0115139599198948,219,53,4,0.0754716981132075,0.0182648401826484,"GO:0097529","GO:BP","myeloid leukocyte migration",25907,18446,"GO:0050900"
"query_1",TRUE,0.012170273346698,1034,53,8,0.150943396226415,0.00773694390715667,"GO:2000145","GO:BP","regulation of cell motility",25907,25054,"GO:0040012;GO:0048870;GO:0050794"
"query_1",TRUE,0.012170273346698,223,53,4,0.0754716981132075,0.0179372197309417,"GO:0002685","GO:BP","regulation of leukocyte migration",25907,1201,"GO:0002682;GO:0030334;GO:0050900"
"query_1",TRUE,0.0128281951146782,25,53,2,0.0377358490566038,0.08,"GO:0072677","GO:BP","eosinophil migration",25907,17261,"GO:0097530"
"query_1",TRUE,0.0134787704181184,395,53,5,0.0943396226415094,0.0126582278481013,"GO:0007159","GO:BP","leukocyte cell-cell adhesion",25907,2710,"GO:0098609"
"query_1",TRUE,0.0136999442873198,26,53,2,0.0377358490566038,0.0769230769230769,"GO:0031643","GO:BP","positive regulation of myelination",25907,7213,"GO:0031641;GO:0031646;GO:0042552;GO:0048522"
"query_1",TRUE,0.0143148155175555,107,53,3,0.0566037735849057,0.0280373831775701,"GO:1990266","GO:BP","neutrophil migration",25907,24693,"GO:0097530"
"query_1",TRUE,0.0143148155175555,27,53,2,0.0377358490566038,0.0740740740740741,"GO:0098581","GO:BP","detection of external biotic stimulus",25907,18549,"GO:0009595;GO:0043207"
"query_1",TRUE,0.0143148155175555,7443,53,26,0.490566037735849,0.00349321510143759,"GO:0023052","GO:BP","signaling",25907,6607,"GO:0050789"
"query_1",TRUE,0.0143148155175555,27,53,2,0.0377358490566038,0.0740740740740741,"GO:0045730","GO:BP","respiratory burst",25907,11410,"GO:0008152"
"query_1",TRUE,0.0143148155175555,107,53,3,0.0566037735849057,0.0280373831775701,"GO:0008630","GO:BP","intrinsic apoptotic signaling pathway in response to DNA damage",25907,3204,"GO:0006974;GO:0097193"
"query_1",TRUE,0.0149292516528854,7475,53,26,0.490566037735849,0.00347826086956522,"GO:0007154","GO:BP","cell communication",25907,2705,"GO:0009987"
"query_1",TRUE,0.0149292516528854,608,53,6,0.113207547169811,0.00986842105263158,"GO:0097190","GO:BP","apoptotic signaling pathway",25907,18294,"GO:0006915;GO:0007165"
"query_1",TRUE,0.0149292516528854,28,53,2,0.0377358490566038,0.0714285714285714,"GO:0090023","GO:BP","positive regulation of neutrophil chemotaxis",25907,17722,"GO:0030593;GO:0071624;GO:0090022;GO:1902624"
"query_1",TRUE,0.0149292516528854,834,53,7,0.132075471698113,0.00839328537170264,"GO:0046649","GO:BP","lymphocyte activation",25907,12121,"GO:0045321"
"query_1",TRUE,0.0149292516528854,1081,53,8,0.150943396226415,0.00740055504162812,"GO:0040012","GO:BP","regulation of locomotion",25907,9809,"GO:0040011;GO:0050789"
"query_1",TRUE,0.0153836018347592,615,53,6,0.113207547169811,0.00975609756097561,"GO:0050865","GO:BP","regulation of cell activation",25907,13141,"GO:0001775;GO:0050794;GO:0051239"
"query_1",TRUE,0.0157281837606975,29,53,2,0.0377358490566038,0.0689655172413793,"GO:0002438","GO:BP","acute inflammatory response to antigenic stimulus",25907,959,"GO:0002437;GO:0002526"
"query_1",TRUE,0.0157281837606975,29,53,2,0.0377358490566038,0.0689655172413793,"GO:0002478","GO:BP","antigen processing and presentation of exogenous peptide antigen",25907,999,"GO:0019884;GO:0048002"
"query_1",TRUE,0.0166908496723899,1655,53,10,0.188679245283019,0.00604229607250755,"GO:0048585","GO:BP","negative regulation of response to stimulus",25907,12689,"GO:0048519;GO:0048583;GO:0050896"
"query_1",TRUE,0.0168513285682946,1957,53,11,0.207547169811321,0.0056208482370976,"GO:0023056","GO:BP","positive regulation of signaling",25907,6608,"GO:0023051;GO:0023052;GO:0048518"
"query_1",TRUE,0.0168513285682946,1957,53,11,0.207547169811321,0.0056208482370976,"GO:0010647","GO:BP","positive regulation of cell communication",25907,4276,"GO:0007154;GO:0010646;GO:0048522"
"query_1",TRUE,0.0170843304396089,12715,53,37,0.69811320754717,0.00290994887927644,"GO:0050794","GO:BP","regulation of cellular process",25907,13090,"GO:0009987;GO:0050789"
"query_1",TRUE,0.0173523759405455,255,53,4,0.0754716981132075,0.0156862745098039,"GO:0016064","GO:BP","immunoglobulin mediated immune response",25907,5070,"GO:0019724"
"query_1",TRUE,0.0173523759405455,31,53,2,0.0377358490566038,0.0645161290322581,"GO:0071624","GO:BP","positive regulation of granulocyte chemotaxis",25907,16573,"GO:0002690;GO:0071621;GO:0071622"
"query_1",TRUE,0.0180033053694213,258,53,4,0.0754716981132075,0.0155038759689922,"GO:0006959","GO:BP","humoral immune response",25907,2579,"GO:0006955"
"query_1",TRUE,0.0188717378453524,1,53,1,0.0188679245283019,1,"GO:0034443","GO:BP","negative regulation of lipoprotein oxidation",25907,8573,"GO:0034442;GO:0042161;GO:0050748"
"query_1",TRUE,0.0188717378453524,1,53,1,0.0188679245283019,1,"GO:0060588","GO:BP","negative regulation of lipoprotein lipid oxidation",25907,14557,"GO:0034439;GO:0034443;GO:0045833;GO:0060587"
"query_1",TRUE,0.0188717378453524,1,53,1,0.0188679245283019,1,"GO:0110090","GO:BP","positive regulation of hippocampal neuron apoptotic process",25907,19145,"GO:0043525;GO:0110088;GO:0110089"
"query_1",TRUE,0.0207130774868245,451,53,5,0.0943396226415094,0.0110864745011086,"GO:0002757","GO:BP","immune response-activating signaling pathway",25907,1266,"GO:0002253;GO:0002764"
"query_1",TRUE,0.020905489031188,128,53,3,0.0566037735849057,0.0234375,"GO:0050868","GO:BP","negative regulation of T cell activation",25907,13144,"GO:0042110;GO:0050863;GO:0051250;GO:1903038"
"query_1",TRUE,0.020905489031188,128,53,3,0.0566037735849057,0.0234375,"GO:0002698","GO:BP","negative regulation of immune effector process",25907,1214,"GO:0002252;GO:0002683;GO:0002697"
"query_1",TRUE,0.0211105176066494,35,53,2,0.0377358490566038,0.0571428571428571,"GO:0019884","GO:BP","antigen processing and presentation of exogenous antigen",25907,6030,"GO:0019882"
"query_1",TRUE,0.0220804651655256,36,53,2,0.0377358490566038,0.0555555555555556,"GO:0090022","GO:BP","regulation of neutrophil chemotaxis",25907,17721,"GO:0030593;GO:0071622;GO:1902622"
"query_1",TRUE,0.0220804651655256,131,53,3,0.0566037735849057,0.0229007633587786,"GO:0050830","GO:BP","defense response to Gram-positive bacterium",25907,13116,"GO:0042742"
"query_1",TRUE,0.023041009069562,134,53,3,0.0566037735849057,0.0223880597014925,"GO:0050729","GO:BP","positive regulation of inflammatory response",25907,13057,"GO:0006954;GO:0031349;GO:0032103;GO:0050727"
"query_1",TRUE,0.023041009069562,37,53,2,0.0377358490566038,0.0540540540540541,"GO:0006958","GO:BP","complement activation, classical pathway",25907,2578,"GO:0002455;GO:0006956"
"query_1",TRUE,0.023041009069562,37,53,2,0.0377358490566038,0.0540540540540541,"GO:0009595","GO:BP","detection of biotic stimulus",25907,3512,"GO:0009607;GO:0051606"
"query_1",TRUE,0.0240517997126751,38,53,2,0.0377358490566038,0.0526315789473684,"GO:1902624","GO:BP","positive regulation of neutrophil migration",25907,22090,"GO:0002687;GO:1902622;GO:1990266"
"query_1",TRUE,0.024955660823309,1480,53,9,0.169811320754717,0.00608108108108108,"GO:0051094","GO:BP","positive regulation of developmental process",25907,13316,"GO:0032502;GO:0048518;GO:0050793"
"query_1",TRUE,0.0251510742993435,139,53,3,0.0566037735849057,0.0215827338129496,"GO:1903038","GO:BP","negative regulation of leukocyte cell-cell adhesion",25907,22399,"GO:0007159;GO:0022408;GO:1903037"
"query_1",TRUE,0.0251620160789303,290,53,4,0.0754716981132075,0.0137931034482759,"GO:0007162","GO:BP","negative regulation of cell adhesion",25907,2713,"GO:0007155;GO:0030155;GO:0048523"
"query_1",TRUE,0.0257933588781929,40,53,2,0.0377358490566038,0.05,"GO:1905332","GO:BP","positive regulation of morphogenesis of an epithelium",25907,24152,"GO:0002009;GO:0051094;GO:1905330"
"query_1",TRUE,0.0257933588781929,40,53,2,0.0377358490566038,0.05,"GO:0001782","GO:BP","B cell homeostasis",25907,445,"GO:0002260"
"query_1",TRUE,0.0257933588781929,40,53,2,0.0377358490566038,0.05,"GO:0060338","GO:BP","regulation of type I interferon-mediated signaling pathway",25907,14341,"GO:0001959;GO:0045088;GO:0060337"
"query_1",TRUE,0.0260348196660062,2103,53,11,0.207547169811321,0.00523062291963861,"GO:0008283","GO:BP","cell population proliferation",25907,3136,"GO:0009987"
"query_1",TRUE,0.0260766810389281,1216,53,8,0.150943396226415,0.00657894736842105,"GO:0010628","GO:BP","positive regulation of gene expression",25907,4257,"GO:0010467;GO:0010468;GO:0010557"
"query_1",TRUE,0.0262772634125462,143,53,3,0.0566037735849057,0.020979020979021,"GO:0003158","GO:BP","endothelium development",25907,1586,"GO:0060429"
"query_1",TRUE,0.0268443993551055,5759,53,21,0.39622641509434,0.00364646640041674,"GO:0048519","GO:BP","negative regulation of biological process",25907,12635,"GO:0008150;GO:0050789"
"query_1",TRUE,0.0273175111527111,493,53,5,0.0943396226415094,0.0101419878296146,"GO:0051249","GO:BP","regulation of lymphocyte activation",25907,13414,"GO:0002694;GO:0046649"
"query_1",TRUE,0.0274086321042819,42,53,2,0.0377358490566038,0.0476190476190476,"GO:0042771","GO:BP","intrinsic apoptotic signaling pathway in response to DNA damage by p53 class mediator",25907,10263,"GO:0008630;GO:0072332"
"query_1",TRUE,0.0274086321042819,42,53,2,0.0377358490566038,0.0476190476190476,"GO:0070269","GO:BP","pyroptotic inflammatory response",25907,15805,"GO:0006954"
"query_1",TRUE,0.0291625413574394,307,53,4,0.0754716981132075,0.0130293159609121,"GO:0045765","GO:BP","regulation of angiogenesis",25907,11439,"GO:0001525;GO:0022603;GO:1901342"
"query_1",TRUE,0.0291808519859127,2,53,1,0.0188679245283019,0.5,"GO:1902216","GO:BP","positive regulation of interleukin-4-mediated signaling pathway",25907,21824,"GO:0001961;GO:0035771;GO:1902214"
"query_1",TRUE,0.0291808519859127,1543,53,9,0.169811320754717,0.00583279325988334,"GO:2000026","GO:BP","regulation of multicellular organismal development",25907,24952,"GO:0007275;GO:0050793;GO:0051239"
"query_1",TRUE,0.0291808519859127,1539,53,9,0.169811320754717,0.00584795321637427,"GO:0016477","GO:BP","cell migration",25907,5204,"GO:0048870"
"query_1",TRUE,0.0291808519859127,2,53,1,0.0188679245283019,0.5,"GO:1903971","GO:BP","positive regulation of response to macrophage colony-stimulating factor",25907,23078,"GO:0036005;GO:0060760;GO:1903969"
"query_1",TRUE,0.0291808519859127,2,53,1,0.0188679245283019,0.5,"GO:0042496","GO:BP","detection of diacyl bacterial lipopeptide",25907,10131,"GO:0070340;GO:0071724"
"query_1",TRUE,0.0291808519859127,2,53,1,0.0188679245283019,0.5,"GO:1903974","GO:BP","positive regulation of cellular response to macrophage colony-stimulating factor stimulus",25907,23081,"GO:0036006;GO:1903971;GO:1903972"
"query_1",TRUE,0.0291808519859127,2,53,1,0.0188679245283019,0.5,"GO:1904845","GO:BP","cellular response to L-glutamine",25907,23771,"GO:0071230;GO:1901699;GO:1901701;GO:1904844"
"query_1",TRUE,0.0291808519859127,2,53,1,0.0188679245283019,0.5,"GO:1904438","GO:BP","regulation of iron ion import across plasma membrane",25907,23453,"GO:0034759;GO:0060341;GO:0098711"
"query_1",TRUE,0.0291808519859127,312,53,4,0.0754716981132075,0.0128205128205128,"GO:0060326","GO:BP","cell chemotaxis",25907,14329,"GO:0006935;GO:0016477;GO:0070887"
"query_1",TRUE,0.0291808519859127,2,53,1,0.0188679245283019,0.5,"GO:1904440","GO:BP","positive regulation of iron ion import across plasma membrane",25907,23455,"GO:0034761;GO:0098711;GO:1904438"
"query_1",TRUE,0.0291808519859127,2,53,1,0.0188679245283019,0.5,"GO:0010625","GO:BP","positive regulation of Schwann cell proliferation",25907,4255,"GO:0010624;GO:0014010;GO:0060252"
"query_1",TRUE,0.0291808519859127,2,53,1,0.0188679245283019,0.5,"GO:0051134","GO:BP","negative regulation of NK T cell activation",25907,13338,"GO:0046636;GO:0051132;GO:0051133"
"query_1",TRUE,0.0291808519859127,2,53,1,0.0188679245283019,0.5,"GO:2000098","GO:BP","negative regulation of smooth muscle cell-matrix adhesion",25907,25012,"GO:0001953;GO:0061302;GO:2000097"
"query_1",TRUE,0.0291808519859127,2,53,1,0.0188679245283019,0.5,"GO:0150064","GO:BP","vertebrate eye-specific patterning",25907,19859,"GO:0003002;GO:0007417;GO:0150063"
"query_1",TRUE,0.0291808519859127,2,53,1,0.0188679245283019,0.5,"GO:0042495","GO:BP","detection of triacyl bacterial lipopeptide",25907,10130,"GO:0070340;GO:0071725"
"query_1",TRUE,0.0291808519859127,2,53,1,0.0188679245283019,0.5,"GO:0001869","GO:BP","negative regulation of complement activation, lectin pathway",25907,504,"GO:0001867;GO:0001868;GO:0045824;GO:0045916"
"query_1",TRUE,0.0291808519859127,1264,53,8,0.150943396226415,0.00632911392405063,"GO:0040011","GO:BP","locomotion",25907,9808,"GO:0008150"
"query_1",TRUE,0.0291808519859127,2810,53,13,0.245283018867925,0.00462633451957295,"GO:0035556","GO:BP","intracellular signal transduction",25907,9022,"GO:0007165"
"query_1",TRUE,0.0291808519859127,2,53,1,0.0188679245283019,0.5,"GO:2001213","GO:BP","negative regulation of vasculogenesis",25907,25956,"GO:0001570;GO:0045596;GO:2001212"
"query_1",TRUE,0.0291808519859127,2,53,1,0.0188679245283019,0.5,"GO:0060587","GO:BP","regulation of lipoprotein lipid oxidation",25907,14556,"GO:0019216;GO:0034439;GO:0034442"
"query_1",TRUE,0.0291808519859127,314,53,4,0.0754716981132075,0.0127388535031847,"GO:1901342","GO:BP","regulation of vasculature development",25907,21126,"GO:0001944;GO:2000026"
"query_1",TRUE,0.0291808519859127,154,53,3,0.0566037735849057,0.0194805194805195,"GO:0002687","GO:BP","positive regulation of leukocyte migration",25907,1203,"GO:0002684;GO:0002685;GO:0030335;GO:0050900"
"query_1",TRUE,0.0291808519859127,2,53,1,0.0188679245283019,0.5,"GO:0034442","GO:BP","regulation of lipoprotein oxidation",25907,8572,"GO:0042161;GO:0050746"
"query_1",TRUE,0.0291808519859127,2,53,1,0.0188679245283019,0.5,"GO:0034127","GO:BP","regulation of MyD88-independent toll-like receptor signaling pathway",25907,8372,"GO:0002756;GO:0034121"
"query_1",TRUE,0.0291808519859127,45,53,2,0.0377358490566038,0.0444444444444444,"GO:0002920","GO:BP","regulation of humoral immune response",25907,1428,"GO:0006959;GO:0050776"
"query_1",TRUE,0.0291808519859127,2,53,1,0.0188679245283019,0.5,"GO:0001868","GO:BP","regulation of complement activation, lectin pathway",25907,503,"GO:0001867;GO:0030449;GO:0045088"
"query_1",TRUE,0.0291808519859127,2,53,1,0.0188679245283019,0.5,"GO:2000448","GO:BP","positive regulation of macrophage migration inhibitory factor signaling pathway",25907,25320,"GO:0001961;GO:0035691;GO:2000446"
"query_1",TRUE,0.0291808519859127,2,53,1,0.0188679245283019,0.5,"GO:0001970","GO:BP","positive regulation of activation of membrane attack complex",25907,574,"GO:0001905;GO:0001969;GO:0045917"
"query_1",TRUE,0.0297480469097684,47,53,2,0.0377358490566038,0.0425531914893617,"GO:0043368","GO:BP","positive T cell selection",25907,10549,"GO:0045058"
"query_1",TRUE,0.0307348468816837,48,53,2,0.0377358490566038,0.0416666666666667,"GO:1902622","GO:BP","regulation of neutrophil migration",25907,22088,"GO:0002685;GO:1990266"
"query_1",TRUE,0.0307348468816837,48,53,2,0.0377358490566038,0.0416666666666667,"GO:0001774","GO:BP","microglial cell activation",25907,437,"GO:0002269;GO:0042116;GO:0061900"
"query_1",TRUE,0.0308335837203604,1578,53,9,0.169811320754717,0.00570342205323194,"GO:0009967","GO:BP","positive regulation of signal transduction",25907,3790,"GO:0007165;GO:0009966;GO:0010647;GO:0023056;GO:0048584"
"query_1",TRUE,0.0316494501870187,163,53,3,0.0566037735849057,0.0184049079754601,"GO:0051250","GO:BP","negative regulation of lymphocyte activation",25907,13415,"GO:0002695;GO:0046649;GO:0051249"
"query_1",TRUE,0.0316494501870187,49,53,2,0.0377358490566038,0.0408163265306122,"GO:0031646","GO:BP","positive regulation of nervous system process",25907,7216,"GO:0031644;GO:0050877;GO:0051240"
"query_1",TRUE,0.0338774701508441,51,53,2,0.0377358490566038,0.0392156862745098,"GO:0002269","GO:BP","leukocyte activation involved in inflammatory response",25907,799,"GO:0006954;GO:0045321"
"query_1",TRUE,0.0338774701508441,51,53,2,0.0377358490566038,0.0392156862745098,"GO:0002455","GO:BP","humoral immune response mediated by circulating immunoglobulin",25907,976,"GO:0006959;GO:0016064"
"query_1",TRUE,0.0350394123623454,52,53,2,0.0377358490566038,0.0384615384615385,"GO:0032757","GO:BP","positive regulation of interleukin-8 production",25907,7746,"GO:0001819;GO:0032637;GO:0032677"
"query_1",TRUE,0.0359838938040228,172,53,3,0.0566037735849057,0.0174418604651163,"GO:0032680","GO:BP","regulation of tumor necrosis factor production",25907,7671,"GO:0032640;GO:1903555"
"query_1",TRUE,0.0359838938040228,172,53,3,0.0566037735849057,0.0174418604651163,"GO:0032640","GO:BP","tumor necrosis factor production",25907,7632,"GO:0071706"
"query_1",TRUE,0.0364154138470967,173,53,3,0.0566037735849057,0.0173410404624277,"GO:0042129","GO:BP","regulation of T cell proliferation",25907,9892,"GO:0042098;GO:0050670;GO:0050863"
"query_1",TRUE,0.0371117827876865,3,53,1,0.0188679245283019,0.333333333333333,"GO:0035691","GO:BP","macrophage migration inhibitory factor signaling pathway",25907,9098,"GO:0019221"
"query_1",TRUE,0.0371117827876865,3,53,1,0.0188679245283019,0.333333333333333,"GO:0034758","GO:BP","positive regulation of iron ion transport",25907,8662,"GO:0006826;GO:0034756;GO:0043270"
"query_1",TRUE,0.0371117827876865,3,53,1,0.0188679245283019,0.333333333333333,"GO:0034439","GO:BP","lipoprotein lipid oxidation",25907,8569,"GO:0034440;GO:0042161"
"query_1",TRUE,0.0371117827876865,3,53,1,0.0188679245283019,0.333333333333333,"GO:0034124","GO:BP","regulation of MyD88-dependent toll-like receptor signaling pathway",25907,8369,"GO:0002755;GO:0034121"
"query_1",TRUE,0.0371117827876865,3,53,1,0.0188679245283019,0.333333333333333,"GO:0071727","GO:BP","cellular response to triacyl bacterial lipopeptide",25907,16656,"GO:0071221;GO:0071725"
"query_1",TRUE,0.0371117827876865,3,53,1,0.0188679245283019,0.333333333333333,"GO:0150062","GO:BP","complement-mediated synapse pruning",25907,19857,"GO:0098883"
"query_1",TRUE,0.0371117827876865,3,53,1,0.0188679245283019,0.333333333333333,"GO:0071725","GO:BP","response to triacyl bacterial lipopeptide",25907,16654,"GO:0070339"
"query_1",TRUE,0.0371117827876865,3,53,1,0.0188679245283019,0.333333333333333,"GO:1900245","GO:BP","positive regulation of MDA-5 signaling pathway",25907,20253,"GO:0002699;GO:0039530;GO:0039533;GO:0062208;GO:1902533"
"query_1",TRUE,0.0371117827876865,3,53,1,0.0188679245283019,0.333333333333333,"GO:0034761","GO:BP","positive regulation of iron ion transmembrane transport",25907,8665,"GO:0034755;GO:0034758;GO:0034759;GO:1904064"
"query_1",TRUE,0.0371117827876865,175,53,3,0.0566037735849057,0.0171428571428571,"GO:1903555","GO:BP","regulation of tumor necrosis factor superfamily cytokine production",25907,22771,"GO:0001817;GO:0071706"
"query_1",TRUE,0.0371117827876865,175,53,3,0.0566037735849057,0.0171428571428571,"GO:0071706","GO:BP","tumor necrosis factor superfamily cytokine production",25907,16639,"GO:0001816"
"query_1",TRUE,0.0371117827876865,3,53,1,0.0188679245283019,0.333333333333333,"GO:1904466","GO:BP","positive regulation of matrix metallopeptidase secretion",25907,23477,"GO:0050714;GO:1904464;GO:1990773"
"query_1",TRUE,0.0371117827876865,3,53,1,0.0188679245283019,0.333333333333333,"GO:1904844","GO:BP","response to L-glutamine",25907,23770,"GO:0043200;GO:1901698;GO:1901700"
"query_1",TRUE,0.0371117827876865,356,53,4,0.0754716981132075,0.0112359550561798,"GO:0019216","GO:BP","regulation of lipid metabolic process",25907,5563,"GO:0006629;GO:0080090"
"query_1",TRUE,0.0371117827876865,3,53,1,0.0188679245283019,0.333333333333333,"GO:0015891","GO:BP","siderophore transport",25907,4973,"GO:1901678"
"query_1",TRUE,0.0371117827876865,3,53,1,0.0188679245283019,0.333333333333333,"GO:1990402","GO:BP","embryonic liver development",25907,24720,"GO:0048568"
"query_1",TRUE,0.0371117827876865,3,53,1,0.0188679245283019,0.333333333333333,"GO:2000446","GO:BP","regulation of macrophage migration inhibitory factor signaling pathway",25907,25318,"GO:0001959;GO:0035691"
"query_1",TRUE,0.0371117827876865,3,53,1,0.0188679245283019,0.333333333333333,"GO:0002894","GO:BP","positive regulation of type II hypersensitivity",25907,1402,"GO:0002445;GO:0002885;GO:0002888;GO:0002891;GO:0002892"
"query_1",TRUE,0.0371117827876865,3,53,1,0.0188679245283019,0.333333333333333,"GO:0002892","GO:BP","regulation of type II hypersensitivity",25907,1400,"GO:0002445;GO:0002883;GO:0002886;GO:0002889"
"query_1",TRUE,0.0371117827876865,3,53,1,0.0188679245283019,0.333333333333333,"GO:0002485","GO:BP","antigen processing and presentation of endogenous peptide antigen via MHC class I via ER pathway, TAP-dependent",25907,1006,"GO:0002484"
"query_1",TRUE,0.0371117827876865,3,53,1,0.0188679245283019,0.333333333333333,"GO:0001798","GO:BP","positive regulation of type IIa hypersensitivity",25907,453,"GO:0001794;GO:0001796;GO:0002894"
"query_1",TRUE,0.0371117827876865,3,53,1,0.0188679245283019,0.333333333333333,"GO:0001796","GO:BP","regulation of type IIa hypersensitivity",25907,451,"GO:0001794;GO:0002892"
"query_1",TRUE,0.0371117827876865,3,53,1,0.0188679245283019,0.333333333333333,"GO:1902214","GO:BP","regulation of interleukin-4-mediated signaling pathway",25907,21822,"GO:0001959;GO:0035771"
"query_1",TRUE,0.0371117827876865,3,53,1,0.0188679245283019,0.333333333333333,"GO:0042160","GO:BP","lipoprotein modification",25907,9906,"GO:0042157"
"query_1",TRUE,0.0371117827876865,3,53,1,0.0188679245283019,0.333333333333333,"GO:0042161","GO:BP","lipoprotein oxidation",25907,9907,"GO:0042160"
"query_1",TRUE,0.0371117827876865,57,53,2,0.0377358490566038,0.0350877192982456,"GO:0071622","GO:BP","regulation of granulocyte chemotaxis",25907,16571,"GO:0002688;GO:0071621"
"query_1",TRUE,0.0371117827876865,57,53,2,0.0377358490566038,0.0350877192982456,"GO:0061900","GO:BP","glial cell activation",25907,15495,"GO:0001775;GO:0150076"
"query_1",TRUE,0.0371117827876865,353,53,4,0.0754716981132075,0.0113314447592068,"GO:0050727","GO:BP","regulation of inflammatory response",25907,13055,"GO:0006954;GO:0031347;GO:0032101"
"query_1",TRUE,0.0371117827876865,3,53,1,0.0188679245283019,0.333333333333333,"GO:0070340","GO:BP","detection of bacterial lipopeptide",25907,15838,"GO:0042494;GO:0070339"
"query_1",TRUE,0.0378038322279748,58,53,2,0.0377358490566038,0.0344827586206897,"GO:0071357","GO:BP","cellular response to type I interferon",25907,16379,"GO:0034340;GO:0071345"
"query_1",TRUE,0.0378038322279748,1667,53,9,0.169811320754717,0.00539892021595681,"GO:0051246","GO:BP","regulation of protein metabolic process",25907,13411,"GO:0019538;GO:0060255;GO:0080090"
"query_1",TRUE,0.0378038322279748,58,53,2,0.0377358490566038,0.0344827586206897,"GO:0060337","GO:BP","type I interferon-mediated signaling pathway",25907,14340,"GO:0071357;GO:0140888"
"query_1",TRUE,0.0389933458729644,364,53,4,0.0754716981132075,0.010989010989011,"GO:0050863","GO:BP","regulation of T cell activation",25907,13139,"GO:0042110;GO:0051249"
"query_1",TRUE,0.0401617252125127,188,53,3,0.0566037735849057,0.0159574468085106,"GO:0042552","GO:BP","myelination",25907,10150,"GO:0008366"
"query_1",TRUE,0.0409413976937659,61,53,2,0.0377358490566038,0.0327868852459016,"GO:1903409","GO:BP","reactive oxygen species biosynthetic process",25907,22655,"GO:0009058;GO:0072593"
"query_1",TRUE,0.0409413976937659,61,53,2,0.0377358490566038,0.0327868852459016,"GO:0141061","GO:BP","disruption of cell in another organism",25907,19740,"GO:0141060"
"query_1",TRUE,0.0409413976937659,61,53,2,0.0377358490566038,0.0327868852459016,"GO:0031640","GO:BP","killing of cells of another organism",25907,7210,"GO:0001906;GO:0141061"
"query_1",TRUE,0.0411991796081946,191,53,3,0.0566037735849057,0.0157068062827225,"GO:0008366","GO:BP","axon ensheathment",25907,3171,"GO:0007272"
"query_1",TRUE,0.0411991796081946,191,53,3,0.0566037735849057,0.0157068062827225,"GO:0007272","GO:BP","ensheathment of neurons",25907,2786,"GO:0007399;GO:0009987"
"query_1",TRUE,0.041507177919169,192,53,3,0.0566037735849057,0.015625,"GO:0022408","GO:BP","negative regulation of cell-cell adhesion",25907,6567,"GO:0007162;GO:0022407;GO:0098609"
"query_1",TRUE,0.041507177919169,62,53,2,0.0377358490566038,0.032258064516129,"GO:0031641","GO:BP","regulation of myelination",25907,7211,"GO:0042552;GO:0050794;GO:0051960"
"query_1",TRUE,0.041507177919169,62,53,2,0.0377358490566038,0.032258064516129,"GO:0002886","GO:BP","regulation of myeloid leukocyte mediated immunity",25907,1394,"GO:0002444;GO:0002703"
"query_1",TRUE,0.0423328035219478,1709,53,9,0.169811320754717,0.00526623756582797,"GO:0051049","GO:BP","regulation of transport",25907,13286,"GO:0006810;GO:0032879"
"query_1",TRUE,0.0423535719648543,63,53,2,0.0377358490566038,0.0317460317460317,"GO:0034340","GO:BP","response to type I interferon",25907,8515,"GO:0034097;GO:0045087"
"query_1",TRUE,0.0423535719648543,598,53,5,0.0943396226415094,0.00836120401337793,"GO:0042110","GO:BP","T cell activation",25907,9879,"GO:0046649"
"query_1",TRUE,0.0423535719648543,63,53,2,0.0377358490566038,0.0317460317460317,"GO:0045058","GO:BP","T cell selection",25907,11102,"GO:0002376;GO:0030217"
"query_1",TRUE,0.0425908465452403,1430,53,8,0.150943396226415,0.00559440559440559,"GO:0010648","GO:BP","negative regulation of cell communication",25907,4277,"GO:0007154;GO:0010646;GO:0048523"
"query_1",TRUE,0.0425908465452403,4,53,1,0.0188679245283019,0.25,"GO:0009115","GO:BP","xanthine catabolic process",25907,3270,"GO:0006145;GO:0046110"
"query_1",TRUE,0.0425908465452403,4,53,1,0.0188679245283019,0.25,"GO:0046094","GO:BP","deoxyinosine metabolic process",25907,11708,"GO:0046122"
"query_1",TRUE,0.0425908465452403,4,53,1,0.0188679245283019,0.25,"GO:0009114","GO:BP","hypoxanthine catabolic process",25907,3269,"GO:0006145;GO:0046100"
"query_1",TRUE,0.0425908465452403,4,53,1,0.0188679245283019,0.25,"GO:0042270","GO:BP","protection from natural killer cell mediated cytotoxicity",25907,9975,"GO:0045953"
"query_1",TRUE,0.0425908465452403,4,53,1,0.0188679245283019,0.25,"GO:0006148","GO:BP","inosine catabolic process",25907,1987,"GO:0046102;GO:0046130"
"query_1",TRUE,0.0425908465452403,4,53,1,0.0188679245283019,0.25,"GO:0002906","GO:BP","negative regulation of mature B cell apoptotic process",25907,1414,"GO:0002901;GO:0002903;GO:0002905"
"query_1",TRUE,0.0425908465452403,4,53,1,0.0188679245283019,0.25,"GO:0050748","GO:BP","negative regulation of lipoprotein metabolic process",25907,13063,"GO:0042157;GO:0050746;GO:0051248"
"query_1",TRUE,0.0425908465452403,4,53,1,0.0188679245283019,0.25,"GO:0002905","GO:BP","regulation of mature B cell apoptotic process",25907,1413,"GO:0002682;GO:0002901;GO:0002902"
"query_1",TRUE,0.0425908465452403,4,53,1,0.0188679245283019,0.25,"GO:0002901","GO:BP","mature B cell apoptotic process",25907,1409,"GO:0001782;GO:0001783"
"query_1",TRUE,0.0425908465452403,4,53,1,0.0188679245283019,0.25,"GO:0060336","GO:BP","negative regulation of type II interferon-mediated signaling pathway",25907,14339,"GO:0001960;GO:0060331;GO:0060333;GO:0060334"
"query_1",TRUE,0.0425908465452403,4,53,1,0.0188679245283019,0.25,"GO:0060331","GO:BP","negative regulation of response to type II interferon",25907,14334,"GO:0034341;GO:0045824;GO:0060330;GO:0060761"
"query_1",TRUE,0.0425908465452403,4,53,1,0.0188679245283019,0.25,"GO:0002445","GO:BP","type II hypersensitivity",25907,966,"GO:0002444;GO:0002524;GO:0016064"
"query_1",TRUE,0.0425908465452403,4,53,1,0.0188679245283019,0.25,"GO:0001969","GO:BP","regulation of activation of membrane attack complex",25907,573,"GO:0001905;GO:0030449"
"query_1",TRUE,0.0425908465452403,4,53,1,0.0188679245283019,0.25,"GO:0001794","GO:BP","type IIa hypersensitivity",25907,449,"GO:0002445"
"query_1",TRUE,0.0425908465452403,4,53,1,0.0188679245283019,0.25,"GO:0006149","GO:BP","deoxyinosine catabolic process",25907,1988,"GO:0046094;GO:0046124"
"query_1",TRUE,0.0425908465452403,1426,53,8,0.150943396226415,0.00561009817671809,"GO:0023057","GO:BP","negative regulation of signaling",25907,6609,"GO:0023051;GO:0023052;GO:0048519"
"query_1",TRUE,0.0425908465452403,4,53,1,0.0188679245283019,0.25,"GO:1904714","GO:BP","regulation of chaperone-mediated autophagy",25907,23671,"GO:0010506;GO:0042176;GO:0061684"
"query_1",TRUE,0.0425908465452403,4,53,1,0.0188679245283019,0.25,"GO:0035846","GO:BP","oviduct epithelium development",25907,9211,"GO:0003006;GO:0060066;GO:0060429"
"query_1",TRUE,0.0425908465452403,4,53,1,0.0188679245283019,0.25,"GO:0071724","GO:BP","response to diacyl bacterial lipopeptide",25907,16653,"GO:0070339"
"query_1",TRUE,0.0425908465452403,4,53,1,0.0188679245283019,0.25,"GO:0038124","GO:BP","toll-like receptor TLR6:TLR2 signaling pathway",25907,9628,"GO:0002224"
"query_1",TRUE,0.0425908465452403,4,53,1,0.0188679245283019,0.25,"GO:0098711","GO:BP","iron ion import across plasma membrane",25907,18593,"GO:0033212;GO:0034755;GO:0098659"
"query_1",TRUE,0.0425908465452403,4,53,1,0.0188679245283019,0.25,"GO:0071726","GO:BP","cellular response to diacyl bacterial lipopeptide",25907,16655,"GO:0071221;GO:0071724"
"query_1",TRUE,0.0425908465452403,196,53,3,0.0566037735849057,0.0153061224489796,"GO:0070374","GO:BP","positive regulation of ERK1 and ERK2 cascade",25907,15861,"GO:0043410;GO:0070371;GO:0070372"
"query_1",TRUE,0.0425908465452403,65,53,2,0.0377358490566038,0.0307692307692308,"GO:0032722","GO:BP","positive regulation of chemokine production",25907,7712,"GO:0001819;GO:0032602;GO:0032642"
"query_1",TRUE,0.0425908465452403,4,53,1,0.0188679245283019,0.25,"GO:0042494","GO:BP","detection of bacterial lipoprotein",25907,10129,"GO:0016045;GO:0032490;GO:0032493"
"query_1",TRUE,0.0425908465452403,65,53,2,0.0377358490566038,0.0307692307692308,"GO:0030888","GO:BP","regulation of B cell proliferation",25907,6916,"GO:0042100;GO:0050670;GO:0050864"
"query_1",TRUE,0.0433335297676406,67,53,2,0.0377358490566038,0.0298507462686567,"GO:0001960","GO:BP","negative regulation of cytokine-mediated signaling pathway",25907,567,"GO:0001959;GO:0009968;GO:0019221;GO:0060761"
"query_1",TRUE,0.0455714457026724,69,53,2,0.0377358490566038,0.0289855072463768,"GO:0032637","GO:BP","interleukin-8 production",25907,7629,"GO:0001816"
"query_1",TRUE,0.0455714457026724,69,53,2,0.0377358490566038,0.0289855072463768,"GO:0032677","GO:BP","regulation of interleukin-8 production",25907,7668,"GO:0001817;GO:0032637"
"query_1",TRUE,0.0460623159433168,6679,53,22,0.415094339622642,0.00329390627339422,"GO:0019222","GO:BP","regulation of metabolic process",25907,5569,"GO:0008152;GO:0050794"
"query_1",TRUE,0.0462427596352623,627,53,5,0.0943396226415094,0.00797448165869218,"GO:0051248","GO:BP","negative regulation of protein metabolic process",25907,13413,"GO:0010605;GO:0019538;GO:0051246"
"query_1",TRUE,0.0464129204774693,70,53,2,0.0377358490566038,0.0285714285714286,"GO:0031102","GO:BP","neuron projection regeneration",25907,6991,"GO:0031099;GO:0031175;GO:0033554"
"query_1",TRUE,0.0471388158287501,6280,53,21,0.39622641509434,0.00334394904458599,"GO:0048856","GO:BP","anatomical structure development",25907,12931,"GO:0032502"
"query_1",TRUE,0.0471388158287501,71,53,2,0.0377358490566038,0.028169014084507,"GO:1905330","GO:BP","regulation of morphogenesis of an epithelium",25907,24150,"GO:0002009;GO:0022603"
"query_1",TRUE,0.0471388158287501,71,53,2,0.0377358490566038,0.028169014084507,"GO:0060761","GO:BP","negative regulation of response to cytokine stimulus",25907,14714,"GO:0034097;GO:0048585;GO:0060759"
"query_1",TRUE,0.0471388158287501,71,53,2,0.0377358490566038,0.028169014084507,"GO:2000379","GO:BP","positive regulation of reactive oxygen species metabolic process",25907,25251,"GO:0009893;GO:0072593;GO:2000377"
"query_1",TRUE,0.0480705521219846,5,53,1,0.0188679245283019,0.2,"GO:0071226","GO:BP","cellular response to molecule of fungal origin",25907,16258,"GO:0002238;GO:0071216"
"query_1",TRUE,0.0480705521219846,73,53,2,0.0377358490566038,0.0273972602739726,"GO:0002224","GO:BP","toll-like receptor signaling pathway",25907,756,"GO:0002221"
"query_1",TRUE,0.0480705521219846,4666,53,17,0.320754716981132,0.00364337762537505,"GO:0051234","GO:BP","establishment of localization",25907,13403,"GO:0051179"
"query_1",TRUE,0.0480705521219846,5,53,1,0.0188679245283019,0.2,"GO:0071221","GO:BP","cellular response to bacterial lipopeptide",25907,16253,"GO:0070339;GO:0071220"
"query_1",TRUE,0.0480705521219846,5,53,1,0.0188679245283019,0.2,"GO:0042453","GO:BP","deoxyguanosine metabolic process",25907,10099,"GO:0046122"
"query_1",TRUE,0.0480705521219846,5,53,1,0.0188679245283019,0.2,"GO:0001905","GO:BP","activation of membrane attack complex",25907,521,"GO:0006956"
"query_1",TRUE,0.0480705521219846,5,53,1,0.0188679245283019,0.2,"GO:0071593","GO:BP","lymphocyte aggregation",25907,16552,"GO:0070486"
"query_1",TRUE,0.0480705521219846,216,53,3,0.0566037735849057,0.0138888888888889,"GO:0042098","GO:BP","T cell proliferation",25907,9874,"GO:0042110;GO:0046651"
"query_1",TRUE,0.0480705521219846,5,53,1,0.0188679245283019,0.2,"GO:0071220","GO:BP","cellular response to bacterial lipoprotein",25907,16252,"GO:0032493;GO:0071219"
"query_1",TRUE,0.0480705521219846,5,53,1,0.0188679245283019,0.2,"GO:0110091","GO:BP","negative regulation of hippocampal neuron apoptotic process",25907,19146,"GO:0043524;GO:0110088;GO:0110089"
"query_1",TRUE,0.0480705521219846,900,53,6,0.113207547169811,0.00666666666666667,"GO:0098657","GO:BP","import into cell",25907,18564,"GO:0006810"
"query_1",TRUE,0.0480705521219846,5,53,1,0.0188679245283019,0.2,"GO:0046090","GO:BP","deoxyadenosine metabolic process",25907,11704,"GO:0046122"
"query_1",TRUE,0.0480705521219846,8499,53,26,0.490566037735849,0.0030591834333451,"GO:0032501","GO:BP","multicellular organismal process",25907,7557,"GO:0008150"
"query_1",TRUE,0.0480705521219846,5,53,1,0.0188679245283019,0.2,"GO:0046110","GO:BP","xanthine metabolic process",25907,11724,"GO:0006144"
"query_1",TRUE,0.0480705521219846,5,53,1,0.0188679245283019,0.2,"GO:0046967","GO:BP","cytosol to endoplasmic reticulum transport",25907,12285,"GO:0046907;GO:0055085"
"query_1",TRUE,0.0480705521219846,5,53,1,0.0188679245283019,0.2,"GO:2000097","GO:BP","regulation of smooth muscle cell-matrix adhesion",25907,25011,"GO:0001952;GO:0061302"
"query_1",TRUE,0.0480705521219846,5,53,1,0.0188679245283019,0.2,"GO:0045345","GO:BP","positive regulation of MHC class I biosynthetic process",25907,11206,"GO:0010557;GO:0045341;GO:0045343"
"query_1",TRUE,0.0480705521219846,5,53,1,0.0188679245283019,0.2,"GO:0010044","GO:BP","response to aluminum ion",25907,3838,"GO:0010038"
"query_1",TRUE,0.0480705521219846,5,53,1,0.0188679245283019,0.2,"GO:0006161","GO:BP","deoxyguanosine catabolic process",25907,1992,"GO:0042453;GO:0046124"
"query_1",TRUE,0.0480705521219846,5,53,1,0.0188679245283019,0.2,"GO:0006157","GO:BP","deoxyadenosine catabolic process",25907,1991,"GO:0046090;GO:0046124"
"query_1",TRUE,0.0480705521219846,5,53,1,0.0188679245283019,0.2,"GO:0006147","GO:BP","guanine catabolic process",25907,1986,"GO:0006145;GO:0046098"
"query_1",TRUE,0.0480705521219846,5,53,1,0.0188679245283019,0.2,"GO:0070339","GO:BP","response to bacterial lipopeptide",25907,15837,"GO:0032493"
"query_1",TRUE,0.0480705521219846,5,53,1,0.0188679245283019,0.2,"GO:0051715","GO:BP","cytolysis in another organism",25907,13718,"GO:0019835;GO:0031640"
"query_1",TRUE,0.0483776508648208,1804,53,9,0.169811320754717,0.00498891352549889,"GO:0048870","GO:BP","cell motility",25907,12944,"GO:0009987"
"query_1",TRUE,0.0483776508648208,908,53,6,0.113207547169811,0.0066079295154185,"GO:0098609","GO:BP","cell-cell adhesion",25907,18556,"GO:0007155"
"query_1",TRUE,0.0484571914180637,75,53,2,0.0377358490566038,0.0266666666666667,"GO:0002437","GO:BP","inflammatory response to antigenic stimulus",25907,958,"GO:0006954;GO:0006955"
"query_1",TRUE,0.0490601217061701,3558,53,14,0.264150943396226,0.00393479482855537,"GO:0023051","GO:BP","regulation of signaling",25907,6606,"GO:0023052;GO:0050789"
"query_1",TRUE,0.0491421585703974,3560,53,14,0.264150943396226,0.00393258426966292,"GO:0010646","GO:BP","regulation of cell communication",25907,4275,"GO:0007154;GO:0050794"
"query_1",TRUE,0.0491421585703974,76,53,2,0.0377358490566038,0.0263157894736842,"GO:0097192","GO:BP","extrinsic apoptotic signaling pathway in absence of ligand",25907,18296,"GO:0038034;GO:0097191"
"query_1",TRUE,0.0491421585703974,76,53,2,0.0377358490566038,0.0263157894736842,"GO:0070228","GO:BP","regulation of lymphocyte apoptotic process",25907,15774,"GO:0070227;GO:2000106"
"query_1",TRUE,0.0495565798475423,223,53,3,0.0566037735849057,0.0134529147982063,"GO:0097191","GO:BP","extrinsic apoptotic signaling pathway",25907,18295,"GO:0007166;GO:0097190"
"query_1",TRUE,1.38334653269395e-09,173,34,11,0.323529411764706,0.0635838150289017,"KEGG:04145","KEGG","Phagosome",9330,281,"KEGG:00000"
"query_1",TRUE,2.16872005949356e-05,82,34,6,0.176470588235294,0.0731707317073171,"KEGG:04612","KEGG","Antigen processing and presentation",9330,322,"KEGG:00000"
"query_1",TRUE,2.16872005949356e-05,87,34,6,0.176470588235294,0.0689655172413793,"KEGG:05416","KEGG","Viral myocarditis",9330,493,"KEGG:00000"
"query_1",TRUE,6.62391098223743e-05,180,34,7,0.205882352941176,0.0388888888888889,"KEGG:05152","KEGG","Tuberculosis",9330,440,"KEGG:00000"
"query_1",TRUE,6.62391098223743e-05,445,34,10,0.294117647058824,0.0224719101123595,"KEGG:05168","KEGG","Herpes simplex virus 1 infection",9330,449,"KEGG:00000"
"query_1",TRUE,0.000226609622442409,223,34,7,0.205882352941176,0.031390134529148,"KEGG:05169","KEGG","Epstein-Barr virus infection",9330,450,"KEGG:00000"
"query_1",TRUE,0.000251303608121414,232,34,7,0.205882352941176,0.0301724137931034,"KEGG:05170","KEGG","Human immunodeficiency virus 1 infection",9330,451,"KEGG:00000"
"query_1",TRUE,0.000263959481844741,93,34,5,0.147058823529412,0.0537634408602151,"KEGG:04610","KEGG","Complement and coagulation cascades",9330,320,"KEGG:00000"
"query_1",TRUE,0.000403732387386276,174,34,6,0.176470588235294,0.0344827586206897,"KEGG:04514","KEGG","Cell adhesion molecules",9330,315,"KEGG:00000"
"query_1",TRUE,0.000431586720235259,55,34,4,0.117647058823529,0.0727272727272727,"KEGG:05330","KEGG","Allograft rejection",9330,486,"KEGG:00000"
"query_1",TRUE,0.000431586720235259,55,34,4,0.117647058823529,0.0727272727272727,"KEGG:05332","KEGG","Graft-versus-host disease",9330,487,"KEGG:00000"
"query_1",TRUE,0.000522534878845396,59,34,4,0.117647058823529,0.0677966101694915,"KEGG:05134","KEGG","Legionellosis",9330,431,"KEGG:00000"
"query_1",TRUE,0.000586653628488387,62,34,4,0.117647058823529,0.0645161290322581,"KEGG:04940","KEGG","Type I diabetes mellitus",9330,394,"KEGG:00000"
"query_1",TRUE,0.000614705746342679,203,34,6,0.176470588235294,0.0295566502463054,"KEGG:04613","KEGG","Neutrophil extracellular trap formation",9330,323,"KEGG:00000"
"query_1",TRUE,0.000745481001682228,71,34,4,0.117647058823529,0.0563380281690141,"KEGG:05320","KEGG","Autoimmune thyroid disease",9330,482,"KEGG:00000"
"query_1",TRUE,0.000745481001682228,220,34,6,0.176470588235294,0.0272727272727273,"KEGG:05203","KEGG","Viral carcinogenesis",9330,455,"KEGG:00000"
"query_1",TRUE,0.000745481001682228,216,34,6,0.176470588235294,0.0277777777777778,"KEGG:05167","KEGG","Kaposi sarcoma-associated herpesvirus infection",9330,448,"KEGG:00000"
"query_1",TRUE,0.000745481001682228,70,34,4,0.117647058823529,0.0571428571428571,"KEGG:05140","KEGG","Leishmaniasis",9330,433,"KEGG:00000"
"query_1",TRUE,0.00103484474097127,79,34,4,0.117647058823529,0.0506329113924051,"KEGG:04662","KEGG","B cell receptor signaling pathway",9330,339,"KEGG:00000"
"query_1",TRUE,0.0012901907013059,248,34,6,0.176470588235294,0.0241935483870968,"KEGG:05163","KEGG","Human cytomegalovirus infection",9330,444,"KEGG:00000"
"query_1",TRUE,0.00443506582781021,208,34,5,0.147058823529412,0.0240384615384615,"KEGG:04621","KEGG","NOD-like receptor signaling pathway",9330,326,"KEGG:00000"
"query_1",TRUE,0.00453603948871573,121,34,4,0.117647058823529,0.0330578512396694,"KEGG:05150","KEGG","Staphylococcus aureus infection",9330,439,"KEGG:00000"
"query_1",TRUE,0.00722928031349486,353,34,6,0.176470588235294,0.0169971671388102,"KEGG:05165","KEGG","Human papillomavirus infection",9330,446,"KEGG:00000"
"query_1",TRUE,0.0076248781613733,242,34,5,0.147058823529412,0.0206611570247934,"KEGG:05166","KEGG","Human T-cell leukemia virus 1 infection",9330,447,"KEGG:00000"
"query_1",TRUE,0.0116244233114724,77,34,3,0.0882352941176471,0.038961038961039,"KEGG:05133","KEGG","Pertussis",9330,430,"KEGG:00000"
"query_1",TRUE,0.0148484382362183,175,34,4,0.117647058823529,0.0228571428571429,"KEGG:04218","KEGG","Cellular senescence",9330,295,"KEGG:00000"
"query_1",TRUE,0.034216865664395,118,34,3,0.0882352941176471,0.0254237288135593,"KEGG:04650","KEGG","Natural killer cell mediated cytotoxicity",9330,334,"KEGG:00000"
"query_1",TRUE,0.034216865664395,118,34,3,0.0882352941176471,0.0254237288135593,"KEGG:04670","KEGG","Leukocyte transendothelial migration",9330,343,"KEGG:00000"
"query_1",TRUE,0.0419843992428255,243,34,4,0.117647058823529,0.0164609053497942,"KEGG:05171","KEGG","Coronavirus disease - COVID-19",9330,452,"KEGG:00000"
