"gene_id","rsq","cluster"
"Gm38642",NA,2
"Nlrp5-ps",NA,1
"0610040F04Rik",NA,1
"1700001L19Rik",NA,5
"2310011J03Rik",NA,3
"4931406C07Rik",NA,1
"5730455P16Rik",NA,2
"9630013A20Rik",NA,3
"A2m",NA,2
"A330015K06Rik",NA,1
"A330094K24Rik",NA,1
"A430108G06Rik",NA,1
"A730011C13Rik",NA,2
"AA414992",NA,1
"Aamp",NA,4
"Abca8a",NA,1
"Abca8b",NA,2
"Abcb4",NA,2
"Abhd17a",NA,3
"Abhd18",NA,2
"Abhd8",NA,4
"Acaa1a",NA,3
"Acox3",NA,2
"Actr1b",NA,3
"Adam23",NA,2
"Adap1",NA,5
"Adcy3",NA,4
"Add3",NA,2
"Adgra3",NA,3
"Agap3",NA,3
"Aggf1",NA,3
"Agmo",NA,1
"Agpat1",NA,5
"Aim2",NA,1
"Aip",NA,5
"Akr7a5",NA,3
"Akt2",NA,5
"Alkbh7",NA,4
"Alox8",NA,1
"Amigo3",NA,3
"Anapc16",NA,5
"Ankrd28",NA,2
"Ankrd34a",NA,5
"Ankrd44",NA,2
"Antkmt",NA,4
"Anxa3",NA,1
"Anxa6",NA,3
"Aox1",NA,1
"Ap1s1",NA,4
"Apbb1",NA,4
"Apln",NA,5
"Apobec1",NA,1
"Apod",NA,2
"Arhgap1",NA,5
"Arhgdia",NA,5
"Armc6",NA,5
"Asb6",NA,4
"Aspa",NA,2
"Asphd1",NA,4
"Asxl2",NA,2
"Atcay",NA,5
"Atf4",NA,5
"Atf5",NA,5
"Atf6b",NA,5
"Atf7ip",NA,1
"Atp5d",NA,4
"Atp5g1",NA,5
"Atp5j2",NA,3
"Atp6v0b",NA,4
"Atp6v0c",NA,5
"Atp6v1f",NA,4
"Atxn3",NA,1
"Atxn7l3",NA,4
"Atxn7l3b",NA,4
"AU020206",NA,1
"Azin1",NA,5
"B230209E15Rik",NA,1
"B230216N24Rik",NA,3
"B2m",NA,1
"B3galt5",NA,1
"B3gat3",NA,4
"B3glct",NA,2
"B4galt2",NA,4
"Bap1",NA,4
"Bbln",NA,5
"BC051142",NA,1
"Bcan",NA,3
"Bcl2l2",NA,4
"Bclaf1",NA,2
"Bicc1",NA,1
"Bmp2k",NA,1
"Bmpr1a",NA,2
"Borcs6",NA,3
"Brsk1",NA,4
"Btbd17",NA,3
"Btbd2",NA,4
"C1qa",NA,1
"C1qb",NA,1
"C1qc",NA,1
"C1ra",NA,1
"C3",NA,1
"C3ar1",NA,1
"C4b",NA,1
"Cacfd1",NA,3
"Cadm4",NA,4
"Calm3",NA,4
"Camk1",NA,5
"Camk2n1",NA,3
"Camkk2",NA,3
"Capg",NA,1
"Car11",NA,4
"Cbarp",NA,3
"Cbx6",NA,4
"Cbx8",NA,3
"Ccdc184",NA,4
"Ccdc47",NA,2
"Ccdc85b",NA,3
"Ccdc85c",NA,3
"Ccdc88b",NA,1
"Ccl27a",NA,3
"Ccl6",NA,1
"Ccser2",NA,2
"Cd22",NA,1
"Cd2ap",NA,2
"Cd300c2",NA,1
"Cd44",NA,1
"Cd48",NA,2
"Cd52",NA,1
"Cd68",NA,1
"Cd74",NA,1
"Cd84",NA,1
"Cd9",NA,2
"Cdipt",NA,5
"Cdk5r1",NA,3
"Cdk5r2",NA,3
"Cend1",NA,4
"Cenpv",NA,3
"Cercam",NA,2
"Cfap74",NA,2
"Cfh",NA,1
"Cflar",NA,1
"Chac1",NA,4
"Chchd2",NA,5
"Chchd4",NA,4
"Chga",NA,5
"Chil1",NA,1
"Chmp7",NA,4
"Chpf",NA,5
"Chst15",NA,2
"Chtf8",NA,5
"Chtop",NA,4
"Clec7a",NA,1
"Clic5",NA,1
"Clip4",NA,2
"Clstn3",NA,5
"Cltb",NA,3
"Cnih2",NA,5
"Col6a2",NA,1
"Cops9",NA,4
"Coro1a",NA,4
"Cox14",NA,5
"Cpeb2",NA,2
"Creg1",NA,1
"Creld1",NA,5
"Crhr1",NA,4
"Csf1",NA,1
"Csnk1g2",NA,5
"Cst7",NA,2
"Ctnnal1",NA,2
"Ctps2",NA,2
"Ctsc",NA,1
"Ctsd",NA,1
"Ctss",NA,1
"Ctsz",NA,1
"Cuta",NA,5
"Cwc27",NA,2
"Cx3cl1",NA,5
"Cyb561",NA,5
"Cybb",NA,1
"Cyc1",NA,4
"Cyfip1",NA,1
"Cyhr1",NA,5
"Cyrib",NA,2
"Cystm1",NA,5
"D430036J16Rik",NA,2
"D8Ertd738e",NA,5
"Dazap1",NA,3
"Dcaf8",NA,2
"Ddx52",NA,2
"Ddx60",NA,1
"Derl3",NA,5
"Dhdh",NA,2
"Dhrs7b",NA,5
"Dipk1b",NA,4
"Dlg4",NA,3
"Dlgap3",NA,5
"Dmac1",NA,3
"Dnajb11",NA,5
"Dnlz",NA,5
"Dock2",NA,1
"Dohh",NA,4
"Dok3",NA,5
"Dok4",NA,3
"Dph3",NA,2
"Dpysl3",NA,3
"Dtx1",NA,4
"Dtx3",NA,5
"Dut",NA,3
"Dynll2",NA,4
"E130307A14Rik",NA,2
"Eef1akmt1",NA,3
"Eef1d",NA,5
"Efcab2",NA,2
"Efna3",NA,4
"Egln2",NA,4
"Egr1",NA,3
"Egr4",NA,3
"Eif2ak2",NA,1
"Eif4h",NA,4
"Eif5a",NA,5
"Eif6",NA,4
"Elf4",NA,2
"Elmo2",NA,5
"Emc10",NA,5
"Emc4",NA,4
"Emc6",NA,4
"Enho",NA,3
"Eno2",NA,3
"Enpp5",NA,1
"Ensa",NA,4
"Epc2",NA,2
"Epn1",NA,5
"Epop",NA,5
"Erbin",NA,2
"Erf",NA,3
"Erlin2",NA,1
"Espn",NA,1
"Esrra",NA,4
"Etfrf1",NA,1
"Exd2",NA,5
"Exoc1",NA,2
"F8a",NA,4
"Faap100",NA,5
"Faim2",NA,4
"Fam171a2",NA,3
"Fam181b",NA,3
"Fam193b",NA,5
"Fam214b",NA,4
"Fam98c",NA,3
"Fastk",NA,4
"Fbll1",NA,3
"Fbxl15",NA,3
"Fbxl19",NA,4
"Fcgr2b",NA,1
"Fcgr3",NA,1
"Fech",NA,2
"Fermt1",NA,1
"Fkbp2",NA,5
"Fkbp4",NA,5
"Fkbp8",NA,4
"Flnc",NA,1
"Fmn1",NA,2
"Fndc4",NA,3
"Foxj3",NA,2
"Fscn1",NA,3
"Fth1",NA,1
"Fxyd7",NA,3
"G6pdx",NA,2
"Gabarapl1",NA,4
"Gabbr1",NA,3
"Gadd45gip1",NA,5
"Galc",NA,2
"Galnt6",NA,1
"Gas2l1",NA,5
"Gbp6",NA,1
"Gbp7",NA,1
"Gclc",NA,2
"Gcnt1",NA,1
"Gfap",NA,1
"Gfod2",NA,5
"Gga1",NA,3
"Ggta1",NA,1
"Gipr",NA,2
"Gm10524",NA,1
"Gm13889",NA,3
"Gm19500",NA,1
"Gm20559",NA,1
"Gm2415",NA,4
"Gm26740",NA,1
"Gm29216",NA,2
"Gm37206",NA,1
"Gm38340",NA,1
"Gm44861",NA,2
"Gm45104",NA,1
"Gm45351",NA,1
"Gm49759",NA,1
"Gmppb",NA,5
"Gnb2",NA,3
"Gng2",NA,2
"Gnl2",NA,2
"Gns",NA,2
"Golga7b",NA,3
"Gpam",NA,2
"Gpc1",NA,4
"Gpnmb",NA,1
"Gpr137",NA,4
"Gpr153",NA,3
"Gpr162",NA,4
"Gpr17",NA,3
"Gpr22",NA,1
"Gpr27",NA,3
"Gpr37l1",NA,4
"Gstcd",NA,2
"Gvin-ps7",NA,1
"H2-D1",NA,1
"H2-K1",NA,1
"H2-Q4",NA,1
"H2-Q6",NA,1
"H2-Q7",NA,1
"H2aw",NA,5
"H2az1",NA,4
"H2az2",NA,5
"Hapln2",NA,1
"Hax1",NA,5
"Hepacam",NA,2
"Hexb",NA,1
"Hikeshi",NA,3
"Hmga1",NA,5
"Hpgds",NA,1
"Hspa4",NA,3
"Hspbp1",NA,5
"Hspd1",NA,5
"Hspe1",NA,5
"Htr2c",NA,2
"Hvcn1",NA,1
"Idnk",NA,4
"Ier5l",NA,3
"Ifi204",NA,1
"Ifi207",NA,2
"Ifih1",NA,1
"Ifit2",NA,2
"Ifit3",NA,1
"Ifit3b",NA,1
"Ifitm3",NA,1
"Igsf21",NA,3
"Igsf8",NA,4
"Il15ra",NA,1
"Impdh1",NA,5
"Inha",NA,4
"Ino80c",NA,2
"Insyn1",NA,5
"Ipo5",NA,2
"Irf2bp1",NA,4
"Irf2bpl",NA,3
"Irf3",NA,5
"Irf8",NA,1
"Irgm1",NA,1
"Ist1",NA,2
"Itgax",NA,1
"Itgb2",NA,1
"Itprid2",NA,1
"Jph3",NA,4
"Jph4",NA,4
"Kcnip2",NA,5
"Kctd10",NA,5
"Kctd15",NA,3
"Kctd17",NA,5
"Kctd20",NA,3
"Klc2",NA,5
"Klhdc3",NA,5
"Klhl40",NA,1
"Kmt2e",NA,2
"Kti12",NA,3
"Kyat1",NA,5
"Lacc1",NA,2
"Lactb2",NA,1
"Lag3",NA,1
"Lair1",NA,1
"Lamp2",NA,1
"Lamtor2",NA,3
"Lamtor4",NA,4
"Laptm5",NA,1
"Lasp1",NA,5
"Ldha",NA,5
"Lemd2",NA,4
"Lgals3",NA,1
"Lgals3bp",NA,1
"Lgmn",NA,2
"Lilrb4a",NA,1
"Limch1",NA,2
"Lrfn1",NA,3
"Lrfn4",NA,4
"Lrp10",NA,4
"Lrp3",NA,5
"Lrrc49",NA,2
"Lrrc8d",NA,2
"Ly6h",NA,4
"Ly9",NA,1
"Lypla2",NA,4
"Lyz2",NA,1
"Lzts3",NA,5
"Maged1",NA,3
"Man2b1",NA,1
"Map1lc3a",NA,4
"Map1s",NA,4
"Map2k2",NA,5
"Map3k10",NA,3
"Mapk8ip1",NA,5
"Mapk8ip2",NA,4
"Mapk9",NA,2
"Marchf4",NA,3
"Marchf7",NA,2
"Marcksl1",NA,3
"Mars1",NA,5
"Maz",NA,5
"Mbd3",NA,5
"Mbip",NA,2
"Mdfic2",NA,1
"Mea1",NA,4
"Mef2a",NA,1
"Mfap3l",NA,1
"Mfge8",NA,4
"Mgat1",NA,4
"Mib2",NA,5
"Mid1-ps1",NA,3
"Mid2",NA,1
"Miga2",NA,4
"Mlf2",NA,4
"Mlph",NA,1
"Mmd2",NA,4
"Mmp15",NA,3
"Mmp17",NA,5
"Mogs",NA,3
"Morf4l2",NA,5
"Morn4",NA,3
"Mpc2",NA,4
"Mpeg1",NA,1
"Mpv17",NA,4
"Mr1",NA,1
"Mrpl20",NA,3
"Mrpl28",NA,4
"Mrpl36",NA,3
"Mrpl53",NA,3
"Mrpl57",NA,4
"Mrps12",NA,5
"Mrps14",NA,4
"Mrps17",NA,5
"Msl1",NA,3
"Msn",NA,1
"mt-Co2",NA,2
"mt-Nd5",NA,2
"Mtch1",NA,4
"Mtfp1",NA,4
"Mtmr10",NA,1
"Mybl1",NA,2
"Myl6",NA,4
"Myl6b",NA,3
"Myo1f",NA,1
"Myof",NA,2
"Mypop",NA,4
"Myrf",NA,1
"Naip2",NA,1
"Naip6",NA,1
"Nat14",NA,5
"Ncapd3",NA,2
"Ncdn",NA,4
"Ncf1",NA,1
"Ncf2",NA,2
"Nckap1l",NA,1
"Ncs1",NA,5
"Ndrg4",NA,4
"Ndufa13",NA,4
"Ndufa8",NA,4
"Ndufb2",NA,3
"Ndufb6",NA,4
"Neat1",NA,1
"Nectin3",NA,3
"Net1",NA,1
"Neto1",NA,2
"Neu4",NA,3
"Nlrc5",NA,1
"Nop58",NA,2
"Nova1",NA,2
"Npc1",NA,1
"Npdc1",NA,5
"Nptx2",NA,3
"Nr1h2",NA,5
"Nr2f6",NA,3
"Nrgn",NA,3
"Nrn1",NA,3
"Nrxn2",NA,3
"Nsmf",NA,4
"Nt5c2",NA,1
"Nudt3",NA,3
"Nup93",NA,2
"Nyap1",NA,4
"Oasl2",NA,1
"Oaz2",NA,4
"Ocrl",NA,2
"Onecut1",NA,1
"Orc3",NA,2
"Ormdl3",NA,4
"Osmr",NA,1
"P3h3",NA,3
"Pacsin1",NA,5
"Palm",NA,4
"Paqr4",NA,5
"Paqr7",NA,5
"Parp14",NA,1
"Parp3",NA,1
"Parp9",NA,2
"Pcbp4",NA,4
"Pcdhb11",NA,1
"Pcdhb12",NA,1
"Pcdhb13",NA,1
"Pcdhb14",NA,1
"Pcdhb2",NA,1
"Pcdhb3",NA,1
"Pcdhb6",NA,1
"Pcdhb8",NA,1
"Pcdhb9",NA,1
"Pcdhga2",NA,1
"Pcdhga6",NA,1
"Pcm1",NA,2
"Pdap1",NA,4
"Pde4b",NA,2
"Pde6d",NA,4
"Pdxp",NA,4
"Pef1",NA,5
"Pex5",NA,5
"Pex6",NA,5
"Pfdn6",NA,4
"Pgam1",NA,3
"Pgam5",NA,3
"Pgap4",NA,4
"Pgk1",NA,5
"Pheta1",NA,5
"Phlda3",NA,4
"Pick1",NA,4
"Pigb",NA,2
"Pik3cg",NA,1
"Pin1",NA,4
"Pirb",NA,1
"Plaat3",NA,1
"Plcg2",NA,1
"Pld1",NA,1
"Plek",NA,1
"Plekha5",NA,1
"Plekhh2",NA,1
"Plk5",NA,4
"Plppr3",NA,4
"Pls1",NA,2
"Pms1",NA,2
"Podxl2",NA,4
"Polr1d",NA,3
"Polr2b",NA,2
"Polr2l",NA,3
"Polr3h",NA,4
"Pop5",NA,3
"Pou3f3",NA,3
"Ppl",NA,1
"Ppp1r16a",NA,4
"Ppp1r21",NA,2
"Ppp1r3b",NA,1
"Ppp1r3g",NA,5
"Ppp1r7",NA,1
"Ppp2r3a",NA,2
"Ppp2r5b",NA,4
"Ppp4c",NA,5
"Ppt1",NA,2
"Prkaa2",NA,1
"Prkcsh",NA,5
"Pros1",NA,1
"Prrt3",NA,5
"Prune2",NA,2
"Psat1",NA,2
"Psmb5",NA,3
"Ptov1",NA,5
"Ptpa",NA,4
"Ptpn6",NA,1
"Ptprc",NA,1
"Pycrl",NA,5
"Pygo2",NA,5
"R3hcc1l",NA,1
"Rab15",NA,5
"Rab1b",NA,4
"Rab28",NA,5
"Rab3a",NA,5
"Rab5c",NA,4
"Rab8b",NA,1
"Rabl6",NA,5
"Rac2",NA,1
"Rad50",NA,2
"Raf1",NA,3
"Rangap1",NA,4
"Rasgrf1",NA,1
"Rasgrp3",NA,1
"Rasl10b",NA,4
"Rbm42",NA,4
"Rcbtb1",NA,1
"Rell2",NA,5
"Rex1bd",NA,4
"Rft1",NA,1
"Rgs20",NA,3
"Rgs4",NA,3
"Rhbdl1",NA,3
"Rimklb",NA,3
"Rims3",NA,4
"Rims4",NA,5
"Ring1",NA,4
"Riok3",NA,2
"Riox1",NA,3
"Rita1",NA,4
"Rnd1",NA,4
"Rnf112",NA,5
"Rnf167",NA,3
"Rnf187",NA,5
"Rnf207",NA,1
"Rnf213",NA,1
"Rnf5",NA,5
"Rplp1",NA,4
"Rprml",NA,4
"Rps19bp1",NA,4
"Rps2",NA,4
"Rps6ka1",NA,2
"Rps6kl1",NA,3
"Rsad2",NA,2
"Rtl8b",NA,5
"Rtn2",NA,4
"Rtp4",NA,1
"Rusc1",NA,3
"Rxrb",NA,4
"Ryk",NA,2
"S100a4",NA,2
"Samd9l",NA,1
"Samm50",NA,4
"Saysd1",NA,4
"Sbf2",NA,1
"Scamp5",NA,4
"Scn2b",NA,5
"Scn7a",NA,1
"Scrt1",NA,5
"Sebox",NA,3
"Sec14l5",NA,1
"Sec61a1",NA,5
"Secisbp2l",NA,2
"Sema3f",NA,3
"Sema7a",NA,5
"Serf2",NA,4
"Serinc3",NA,1
"Serpina3n",NA,2
"Serpinh1",NA,5
"Sft2d2",NA,1
"Sgip1",NA,2
"Sh2b1",NA,5
"Sh3bp5l",NA,4
"Sh3glb1",NA,2
"Sh3glb2",NA,4
"Shld2",NA,2
"Sigmar1",NA,4
"Slc11a1",NA,1
"Slc14a1",NA,1
"Slc15a3",NA,1
"Slc20a2",NA,2
"Slc22a17",NA,4
"Slc22a18",NA,1
"Slc25a19",NA,5
"Slc25a22",NA,5
"Slc25a3",NA,4
"Slc27a4",NA,3
"Slc29a3",NA,2
"Slc35a2",NA,5
"Slc35e4",NA,4
"Slc36a4",NA,2
"Slc39a3",NA,4
"Slc39a7",NA,4
"Slc44a1",NA,1
"Slc6a7",NA,4
"Slc7a10",NA,3
"Slc7a3",NA,5
"Slc9a3r1",NA,5
"Slc9a5",NA,3
"Slc9a9",NA,1
"Slfn8",NA,1
"Smarce1",NA,3
"Smc5",NA,2
"Smc6",NA,2
"Smdt1",NA,3
"Smim12",NA,5
"Smim30",NA,4
"Smim45",NA,5
"Smpd1",NA,5
"Smyd3",NA,1
"Snrpb",NA,4
"Snx15",NA,5
"Sox4",NA,3
"Sp100",NA,1
"Spag6",NA,1
"Spata13",NA,1
"Spata7",NA,2
"Spr",NA,5
"Spryd3",NA,4
"Srp19",NA,3
"Ssr2",NA,4
"Stat1",NA,1
"Stat6",NA,1
"Stk32c",NA,5
"Stmn3",NA,3
"Stub1",NA,4
"Stxbp2",NA,1
"Stxbp3",NA,2
"Supt16",NA,2
"Surf2",NA,2
"Svop",NA,4
"Syngr3",NA,5
"Syp",NA,4
"Syt13",NA,5
"Szrd1",NA,4
"Tab2",NA,2
"Taf15",NA,4
"Tango2",NA,3
"Tap2",NA,1
"Tbc1d10a",NA,3
"Tceal5",NA,4
"Tdg",NA,3
"Tdrd6",NA,2
"Tent5c",NA,1
"Tesk1",NA,5
"Tfcp2l1",NA,1
"Tgfbr1",NA,1
"Tgfbr3",NA,1
"Thbd",NA,5
"Thbs2",NA,1
"Thy1",NA,5
"Tifa",NA,2
"Timm10",NA,4
"Tjp2",NA,2
"Tlcd3b",NA,5
"Tlk1",NA,2
"Tlnrd1",NA,3
"Tlr1",NA,2
"Tlr13",NA,1
"Tlr2",NA,1
"Tlr3",NA,2
"Tm7sf2",NA,4
"Tma16",NA,2
"Tmc3",NA,1
"Tmed9",NA,4
"Tmem106b",NA,2
"Tmem115",NA,3
"Tmem127",NA,4
"Tmem132a",NA,3
"Tmem147",NA,5
"Tmem151b",NA,5
"Tmem161a",NA,4
"Tmem179",NA,4
"Tmem191c",NA,4
"Tmem192",NA,2
"Tmem198",NA,5
"Tmem208",NA,5
"Tmem240",NA,4
"Tmem243",NA,2
"Tmem259",NA,5
"Tmem35a",NA,5
"Tmem59l",NA,4
"Tmf1",NA,2
"Tmsb15b2",NA,3
"Tnfrsf1a",NA,1
"Tnpo2",NA,4
"Tomm20",NA,2
"Tomm40l",NA,5
"Tram1l1",NA,4
"Trappc12",NA,2
"Trem2",NA,1
"Treml2",NA,1
"Trim12a",NA,2
"Trim25",NA,1
"Trim30d",NA,1
"Trim62",NA,3
"Trim8",NA,5
"Tsen34",NA,4
"Tsfm",NA,5
"Tspyl1",NA,4
"Tspyl4",NA,4
"Ttyh3",NA,5
"Tubb2a",NA,4
"Tubb3",NA,4
"Tubgcp2",NA,2
"Tufm",NA,3
"Txn2",NA,5
"Txndc15",NA,3
"U2af2",NA,3
"Uba7",NA,1
"Ubald1",NA,5
"Ubb",NA,5
"Ubb-ps",NA,4
"Ube2b",NA,5
"Ube2s",NA,3
"Ubl4a",NA,3
"Ufl1",NA,2
"Umps",NA,3
"Uqcc2",NA,4
"Uqcr11",NA,4
"Uqcrq",NA,4
"Usp21",NA,3
"Usp5",NA,4
"Usp7",NA,2
"Vapb",NA,4
"Vav1",NA,1
"Vim",NA,1
"Vmn1r90",NA,1
"Vopp1",NA,5
"Vps33a",NA,2
"Vps37d",NA,4
"Vwa5a",NA,1
"Vwf",NA,1
"Wbp1",NA,5
"Wdr18",NA,4
"Wnt7a",NA,3
"Wwox",NA,2
"Wwp1",NA,2
"Xaf1",NA,1
"Ydjc",NA,4
"Yipf3",NA,5
"Ypel3",NA,3
"Ypel4",NA,5
"Ywhag",NA,5
"Zc3h14",NA,2
"Zc3hav1",NA,1
"Zfp160",NA,2
"Zfp268",NA,1
"Zfp292",NA,2
"Zfp385a",NA,4
"Zfp428",NA,5
"Zfp444",NA,5
"Zfp788",NA,2
"Zfp940",NA,2
"Zfp974",NA,2
"Zfp995",NA,2
"Zfta",NA,4
"Zkscan5",NA,2
"Zkscan8",NA,1
"Zmynd11",NA,2
"Znrf1",NA,5
"Zwilch",NA,1
