"gene_id","cluster"
"Gm38642",2
"Nlrp5-ps",1
"0610040F04Rik",1
"1700001L19Rik",5
"2310011J03Rik",3
"4931406C07Rik",1
"5730455P16Rik",2
"9630013A20Rik",3
"A2m",2
"A330015K06Rik",1
"A330094K24Rik",1
"A430108G06Rik",1
"A730011C13Rik",2
"AA414992",1
"Aamp",4
"Abca8a",1
"Abca8b",2
"Abcb4",2
"Abhd17a",3
"Abhd18",2
"Abhd8",4
"Acaa1a",3
"Acox3",2
"Actr1b",3
"Adam23",2
"Adap1",5
"Adcy3",4
"Add3",2
"Adgra3",3
"Agap3",3
"Aggf1",3
"Agmo",1
"Agpat1",5
"Aim2",1
"Aip",5
"Akr7a5",3
"Akt2",5
"Alkbh7",4
"Alox8",1
"Amigo3",3
"Anapc16",5
"Ankrd28",2
"Ankrd34a",5
"Ankrd44",2
"Antkmt",4
"Anxa3",1
"Anxa6",3
"Aox1",1
"Ap1s1",4
"Apbb1",4
"Apln",5
"Apobec1",1
"Apod",2
"Arhgap1",5
"Arhgdia",5
"Armc6",5
"Asb6",4
"Aspa",2
"Asphd1",4
"Asxl2",2
"Atcay",5
"Atf4",5
"Atf5",5
"Atf6b",5
"Atf7ip",1
"Atp5d",4
"Atp5g1",5
"Atp5j2",3
"Atp6v0b",4
"Atp6v0c",5
"Atp6v1f",4
"Atxn3",1
"Atxn7l3",4
"Atxn7l3b",4
"AU020206",1
"Azin1",5
"B230209E15Rik",1
"B230216N24Rik",3
"B2m",1
"B3galt5",1
"B3gat3",4
"B3glct",2
"B4galt2",4
"Bap1",4
"Bbln",5
"BC051142",1
"Bcan",3
"Bcl2l2",4
"Bclaf1",2
"Bicc1",1
"Bmp2k",1
"Bmpr1a",2
"Borcs6",3
"Brsk1",4
"Btbd17",3
"Btbd2",4
"C1qa",1
"C1qb",1
"C1qc",1
"C1ra",1
"C3",1
"C3ar1",1
"C4b",1
"Cacfd1",3
"Cadm4",4
"Calm3",4
"Camk1",5
"Camk2n1",3
"Camkk2",3
"Capg",1
"Car11",4
"Cbarp",3
"Cbx6",4
"Cbx8",3
"Ccdc184",4
"Ccdc47",2
"Ccdc85b",3
"Ccdc85c",3
"Ccdc88b",1
"Ccl27a",3
"Ccl6",1
"Ccser2",2
"Cd22",1
"Cd2ap",2
"Cd300c2",1
"Cd44",1
"Cd48",2
"Cd52",1
"Cd68",1
"Cd74",1
"Cd84",1
"Cd9",2
"Cdipt",5
"Cdk5r1",3
"Cdk5r2",3
"Cend1",4
"Cenpv",3
"Cercam",2
"Cfap74",2
"Cfh",1
"Cflar",1
"Chac1",4
"Chchd2",5
"Chchd4",4
"Chga",5
"Chil1",1
"Chmp7",4
"Chpf",5
"Chst15",2
"Chtf8",5
"Chtop",4
"Clec7a",1
"Clic5",1
"Clip4",2
"Clstn3",5
"Cltb",3
"Cnih2",5
"Col6a2",1
"Cops9",4
"Coro1a",4
"Cox14",5
"Cpeb2",2
"Creg1",1
"Creld1",5
"Crhr1",4
"Csf1",1
"Csnk1g2",5
"Cst7",2
"Ctnnal1",2
"Ctps2",2
"Ctsc",1
"Ctsd",1
"Ctss",1
"Ctsz",1
"Cuta",5
"Cwc27",2
"Cx3cl1",5
"Cyb561",5
"Cybb",1
"Cyc1",4
"Cyfip1",1
"Cyhr1",5
"Cyrib",2
"Cystm1",5
"D430036J16Rik",2
"D8Ertd738e",5
"Dazap1",3
"Dcaf8",2
"Ddx52",2
"Ddx60",1
"Derl3",5
"Dhdh",2
"Dhrs7b",5
"Dipk1b",4
"Dlg4",3
"Dlgap3",5
"Dmac1",3
"Dnajb11",5
"Dnlz",5
"Dock2",1
"Dohh",4
"Dok3",5
"Dok4",3
"Dph3",2
"Dpysl3",3
"Dtx1",4
"Dtx3",5
"Dut",3
"Dynll2",4
"E130307A14Rik",2
"Eef1akmt1",3
"Eef1d",5
"Efcab2",2
"Efna3",4
"Egln2",4
"Egr1",3
"Egr4",3
"Eif2ak2",1
"Eif4h",4
"Eif5a",5
"Eif6",4
"Elf4",2
"Elmo2",5
"Emc10",5
"Emc4",4
"Emc6",4
"Enho",3
"Eno2",3
"Enpp5",1
"Ensa",4
"Epc2",2
"Epn1",5
"Epop",5
"Erbin",2
"Erf",3
"Erlin2",1
"Espn",1
"Esrra",4
"Etfrf1",1
"Exd2",5
"Exoc1",2
"F8a",4
"Faap100",5
"Faim2",4
"Fam171a2",3
"Fam181b",3
"Fam193b",5
"Fam214b",4
"Fam98c",3
"Fastk",4
"Fbll1",3
"Fbxl15",3
"Fbxl19",4
"Fcgr2b",1
"Fcgr3",1
"Fech",2
"Fermt1",1
"Fkbp2",5
"Fkbp4",5
"Fkbp8",4
"Flnc",1
"Fmn1",2
"Fndc4",3
"Foxj3",2
"Fscn1",3
"Fth1",1
"Fxyd7",3
"G6pdx",2
"Gabarapl1",4
"Gabbr1",3
"Gadd45gip1",5
"Galc",2
"Galnt6",1
"Gas2l1",5
"Gbp6",1
"Gbp7",1
"Gclc",2
"Gcnt1",1
"Gfap",1
"Gfod2",5
"Gga1",3
"Ggta1",1
"Gipr",2
"Gm10524",1
"Gm13889",3
"Gm19500",1
"Gm20559",1
"Gm2415",4
"Gm26740",1
"Gm29216",2
"Gm37206",1
"Gm38340",1
"Gm44861",2
"Gm45104",1
"Gm45351",1
"Gm49759",1
"Gmppb",5
"Gnb2",3
"Gng2",2
"Gnl2",2
"Gns",2
"Golga7b",3
"Gpam",2
"Gpc1",4
"Gpnmb",1
"Gpr137",4
"Gpr153",3
"Gpr162",4
"Gpr17",3
"Gpr22",1
"Gpr27",3
"Gpr37l1",4
"Gstcd",2
"Gvin-ps7",1
"H2-D1",1
"H2-K1",1
"H2-Q4",1
"H2-Q6",1
"H2-Q7",1
"H2aw",5
"H2az1",4
"H2az2",5
"Hapln2",1
"Hax1",5
"Hepacam",2
"Hexb",1
"Hikeshi",3
"Hmga1",5
"Hpgds",1
"Hspa4",3
"Hspbp1",5
"Hspd1",5
"Hspe1",5
"Htr2c",2
"Hvcn1",1
"Idnk",4
"Ier5l",3
"Ifi204",1
"Ifi207",2
"Ifih1",1
"Ifit2",2
"Ifit3",1
"Ifit3b",1
"Ifitm3",1
"Igsf21",3
"Igsf8",4
"Il15ra",1
"Impdh1",5
"Inha",4
"Ino80c",2
"Insyn1",5
"Ipo5",2
"Irf2bp1",4
"Irf2bpl",3
"Irf3",5
"Irf8",1
"Irgm1",1
"Ist1",2
"Itgax",1
"Itgb2",1
"Itprid2",1
"Jph3",4
"Jph4",4
"Kcnip2",5
"Kctd10",5
"Kctd15",3
"Kctd17",5
"Kctd20",3
"Klc2",5
"Klhdc3",5
"Klhl40",1
"Kmt2e",2
"Kti12",3
"Kyat1",5
"Lacc1",2
"Lactb2",1
"Lag3",1
"Lair1",1
"Lamp2",1
"Lamtor2",3
"Lamtor4",4
"Laptm5",1
"Lasp1",5
"Ldha",5
"Lemd2",4
"Lgals3",1
"Lgals3bp",1
"Lgmn",2
"Lilrb4a",1
"Limch1",2
"Lrfn1",3
"Lrfn4",4
"Lrp10",4
"Lrp3",5
"Lrrc49",2
"Lrrc8d",2
"Ly6h",4
"Ly9",1
"Lypla2",4
"Lyz2",1
"Lzts3",5
"Maged1",3
"Man2b1",1
"Map1lc3a",4
"Map1s",4
"Map2k2",5
"Map3k10",3
"Mapk8ip1",5
"Mapk8ip2",4
"Mapk9",2
"Marchf4",3
"Marchf7",2
"Marcksl1",3
"Mars1",5
"Maz",5
"Mbd3",5
"Mbip",2
"Mdfic2",1
"Mea1",4
"Mef2a",1
"Mfap3l",1
"Mfge8",4
"Mgat1",4
"Mib2",5
"Mid1-ps1",3
"Mid2",1
"Miga2",4
"Mlf2",4
"Mlph",1
"Mmd2",4
"Mmp15",3
"Mmp17",5
"Mogs",3
"Morf4l2",5
"Morn4",3
"Mpc2",4
"Mpeg1",1
"Mpv17",4
"Mr1",1
"Mrpl20",3
"Mrpl28",4
"Mrpl36",3
"Mrpl53",3
"Mrpl57",4
"Mrps12",5
"Mrps14",4
"Mrps17",5
"Msl1",3
"Msn",1
"mt-Co2",2
"mt-Nd5",2
"Mtch1",4
"Mtfp1",4
"Mtmr10",1
"Mybl1",2
"Myl6",4
"Myl6b",3
"Myo1f",1
"Myof",2
"Mypop",4
"Myrf",1
"Naip2",1
"Naip6",1
"Nat14",5
"Ncapd3",2
"Ncdn",4
"Ncf1",1
"Ncf2",2
"Nckap1l",1
"Ncs1",5
"Ndrg4",4
"Ndufa13",4
"Ndufa8",4
"Ndufb2",3
"Ndufb6",4
"Neat1",1
"Nectin3",3
"Net1",1
"Neto1",2
"Neu4",3
"Nlrc5",1
"Nop58",2
"Nova1",2
"Npc1",1
"Npdc1",5
"Nptx2",3
"Nr1h2",5
"Nr2f6",3
"Nrgn",3
"Nrn1",3
"Nrxn2",3
"Nsmf",4
"Nt5c2",1
"Nudt3",3
"Nup93",2
"Nyap1",4
"Oasl2",1
"Oaz2",4
"Ocrl",2
"Onecut1",1
"Orc3",2
"Ormdl3",4
"Osmr",1
"P3h3",3
"Pacsin1",5
"Palm",4
"Paqr4",5
"Paqr7",5
"Parp14",1
"Parp3",1
"Parp9",2
"Pcbp4",4
"Pcdhb11",1
"Pcdhb12",1
"Pcdhb13",1
"Pcdhb14",1
"Pcdhb2",1
"Pcdhb3",1
"Pcdhb6",1
"Pcdhb8",1
"Pcdhb9",1
"Pcdhga2",1
"Pcdhga6",1
"Pcm1",2
"Pdap1",4
"Pde4b",2
"Pde6d",4
"Pdxp",4
"Pef1",5
"Pex5",5
"Pex6",5
"Pfdn6",4
"Pgam1",3
"Pgam5",3
"Pgap4",4
"Pgk1",5
"Pheta1",5
"Phlda3",4
"Pick1",4
"Pigb",2
"Pik3cg",1
"Pin1",4
"Pirb",1
"Plaat3",1
"Plcg2",1
"Pld1",1
"Plek",1
"Plekha5",1
"Plekhh2",1
"Plk5",4
"Plppr3",4
"Pls1",2
"Pms1",2
"Podxl2",4
"Polr1d",3
"Polr2b",2
"Polr2l",3
"Polr3h",4
"Pop5",3
"Pou3f3",3
"Ppl",1
"Ppp1r16a",4
"Ppp1r21",2
"Ppp1r3b",1
"Ppp1r3g",5
"Ppp1r7",1
"Ppp2r3a",2
"Ppp2r5b",4
"Ppp4c",5
"Ppt1",2
"Prkaa2",1
"Prkcsh",5
"Pros1",1
"Prrt3",5
"Prune2",2
"Psat1",2
"Psmb5",3
"Ptov1",5
"Ptpa",4
"Ptpn6",1
"Ptprc",1
"Pycrl",5
"Pygo2",5
"R3hcc1l",1
"Rab15",5
"Rab1b",4
"Rab28",5
"Rab3a",5
"Rab5c",4
"Rab8b",1
"Rabl6",5
"Rac2",1
"Rad50",2
"Raf1",3
"Rangap1",4
"Rasgrf1",1
"Rasgrp3",1
"Rasl10b",4
"Rbm42",4
"Rcbtb1",1
"Rell2",5
"Rex1bd",4
"Rft1",1
"Rgs20",3
"Rgs4",3
"Rhbdl1",3
"Rimklb",3
"Rims3",4
"Rims4",5
"Ring1",4
"Riok3",2
"Riox1",3
"Rita1",4
"Rnd1",4
"Rnf112",5
"Rnf167",3
"Rnf187",5
"Rnf207",1
"Rnf213",1
"Rnf5",5
"Rplp1",4
"Rprml",4
"Rps19bp1",4
"Rps2",4
"Rps6ka1",2
"Rps6kl1",3
"Rsad2",2
"Rtl8b",5
"Rtn2",4
"Rtp4",1
"Rusc1",3
"Rxrb",4
"Ryk",2
"S100a4",2
"Samd9l",1
"Samm50",4
"Saysd1",4
"Sbf2",1
"Scamp5",4
"Scn2b",5
"Scn7a",1
"Scrt1",5
"Sebox",3
"Sec14l5",1
"Sec61a1",5
"Secisbp2l",2
"Sema3f",3
"Sema7a",5
"Serf2",4
"Serinc3",1
"Serpina3n",2
"Serpinh1",5
"Sft2d2",1
"Sgip1",2
"Sh2b1",5
"Sh3bp5l",4
"Sh3glb1",2
"Sh3glb2",4
"Shld2",2
"Sigmar1",4
"Slc11a1",1
"Slc14a1",1
"Slc15a3",1
"Slc20a2",2
"Slc22a17",4
"Slc22a18",1
"Slc25a19",5
"Slc25a22",5
"Slc25a3",4
"Slc27a4",3
"Slc29a3",2
"Slc35a2",5
"Slc35e4",4
"Slc36a4",2
"Slc39a3",4
"Slc39a7",4
"Slc44a1",1
"Slc6a7",4
"Slc7a10",3
"Slc7a3",5
"Slc9a3r1",5
"Slc9a5",3
"Slc9a9",1
"Slfn8",1
"Smarce1",3
"Smc5",2
"Smc6",2
"Smdt1",3
"Smim12",5
"Smim30",4
"Smim45",5
"Smpd1",5
"Smyd3",1
"Snrpb",4
"Snx15",5
"Sox4",3
"Sp100",1
"Spag6",1
"Spata13",1
"Spata7",2
"Spr",5
"Spryd3",4
"Srp19",3
"Ssr2",4
"Stat1",1
"Stat6",1
"Stk32c",5
"Stmn3",3
"Stub1",4
"Stxbp2",1
"Stxbp3",2
"Supt16",2
"Surf2",2
"Svop",4
"Syngr3",5
"Syp",4
"Syt13",5
"Szrd1",4
"Tab2",2
"Taf15",4
"Tango2",3
"Tap2",1
"Tbc1d10a",3
"Tceal5",4
"Tdg",3
"Tdrd6",2
"Tent5c",1
"Tesk1",5
"Tfcp2l1",1
"Tgfbr1",1
"Tgfbr3",1
"Thbd",5
"Thbs2",1
"Thy1",5
"Tifa",2
"Timm10",4
"Tjp2",2
"Tlcd3b",5
"Tlk1",2
"Tlnrd1",3
"Tlr1",2
"Tlr13",1
"Tlr2",1
"Tlr3",2
"Tm7sf2",4
"Tma16",2
"Tmc3",1
"Tmed9",4
"Tmem106b",2
"Tmem115",3
"Tmem127",4
"Tmem132a",3
"Tmem147",5
"Tmem151b",5
"Tmem161a",4
"Tmem179",4
"Tmem191c",4
"Tmem192",2
"Tmem198",5
"Tmem208",5
"Tmem240",4
"Tmem243",2
"Tmem259",5
"Tmem35a",5
"Tmem59l",4
"Tmf1",2
"Tmsb15b2",3
"Tnfrsf1a",1
"Tnpo2",4
"Tomm20",2
"Tomm40l",5
"Tram1l1",4
"Trappc12",2
"Trem2",1
"Treml2",1
"Trim12a",2
"Trim25",1
"Trim30d",1
"Trim62",3
"Trim8",5
"Tsen34",4
"Tsfm",5
"Tspyl1",4
"Tspyl4",4
"Ttyh3",5
"Tubb2a",4
"Tubb3",4
"Tubgcp2",2
"Tufm",3
"Txn2",5
"Txndc15",3
"U2af2",3
"Uba7",1
"Ubald1",5
"Ubb",5
"Ubb-ps",4
"Ube2b",5
"Ube2s",3
"Ubl4a",3
"Ufl1",2
"Umps",3
"Uqcc2",4
"Uqcr11",4
"Uqcrq",4
"Usp21",3
"Usp5",4
"Usp7",2
"Vapb",4
"Vav1",1
"Vim",1
"Vmn1r90",1
"Vopp1",5
"Vps33a",2
"Vps37d",4
"Vwa5a",1
"Vwf",1
"Wbp1",5
"Wdr18",4
"Wnt7a",3
"Wwox",2
"Wwp1",2
"Xaf1",1
"Ydjc",4
"Yipf3",5
"Ypel3",3
"Ypel4",5
"Ywhag",5
"Zc3h14",2
"Zc3hav1",1
"Zfp160",2
"Zfp268",1
"Zfp292",2
"Zfp385a",4
"Zfp428",5
"Zfp444",5
"Zfp788",2
"Zfp940",2
"Zfp974",2
"Zfp995",2
"Zfta",4
"Zkscan5",2
"Zkscan8",1
"Zmynd11",2
"Znrf1",5
"Zwilch",1
